{
    "version": "0.4",
    "title": "Blog &#8211; 02",
    "type": "page",
    "metadata": {
        "template_type": "single-page",
        "include_in_zip": "1",
        "elementor_pro_required": "1",
        "wp_page_template": "elementor_header_footer"
    },
    "content": [
        {
            "id": "7c7a8248",
            "settings": {
                "gap": "no",
                "background_background": "classic",
                "padding": {
                    "unit": "px",
                    "top": "75",
                    "right": "0",
                    "bottom": "75",
                    "left": "0",
                    "isLinked": false
                },
                "__globals__": {
                    "background_color": "globals\/colors?id=294b8d4"
                },
                "padding_tablet": {
                    "unit": "px",
                    "top": "40",
                    "right": "40",
                    "bottom": "40",
                    "left": "40",
                    "isLinked": true
                },
                "pa_condition_repeater": [
                    {
                        "_id": "4e9621a"
                    }
                ],
                "padding_mobile": {
                    "unit": "px",
                    "top": "30",
                    "right": "30",
                    "bottom": "30",
                    "left": "30",
                    "isLinked": true
                }
            },
            "elements": [
                {
                    "id": "1ae33533",
                    "settings": {
                        "_column_size": 100,
                        "_inline_size": null,
                        "padding": {
                            "unit": "%",
                            "top": "0",
                            "right": "20",
                            "bottom": "0",
                            "left": "20",
                            "isLinked": false
                        },
                        "padding_tablet": {
                            "unit": "px",
                            "top": "0",
                            "right": "0",
                            "bottom": "0",
                            "left": "0",
                            "isLinked": true
                        },
                        "pa_condition_repeater": [
                            {
                                "_id": "81098e3"
                            }
                        ]
                    },
                    "elements": [
                        {
                            "id": "533518ef",
                            "settings": {
                                "title": "Blog\n",
                                "align": "center",
                                "_margin": {
                                    "unit": "px",
                                    "top": "0",
                                    "right": "0",
                                    "bottom": "0",
                                    "left": "0",
                                    "isLinked": false
                                },
                                "__globals__": {
                                    "title_color": "globals\/colors?id=dc3f30f",
                                    "typography_typography": "globals\/typography?id=86a5954"
                                },
                                "pa_condition_repeater": [
                                    {
                                        "_id": "804a547"
                                    }
                                ]
                            },
                            "elements": [],
                            "isInner": false,
                            "widgetType": "heading",
                            "elType": "widget"
                        }
                    ],
                    "isInner": false,
                    "elType": "column"
                }
            ],
            "isInner": false,
            "elType": "section"
        },
        {
            "id": "18750d82",
            "settings": {
                "gap": "no",
                "structure": "20",
                "padding": {
                    "unit": "px",
                    "top": "75",
                    "right": "0",
                    "bottom": "75",
                    "left": "0",
                    "isLinked": false
                },
                "pa_condition_repeater": [
                    {
                        "_id": "f7f5bc9"
                    }
                ],
                "padding_tablet": {
                    "unit": "px",
                    "top": "40",
                    "right": "40",
                    "bottom": "40",
                    "left": "40",
                    "isLinked": true
                },
                "padding_mobile": {
                    "unit": "px",
                    "top": "30",
                    "right": "30",
                    "bottom": "30",
                    "left": "30",
                    "isLinked": true
                }
            },
            "elements": [
                {
                    "id": "7bc33e2b",
                    "settings": {
                        "_column_size": 50,
                        "_inline_size": 75,
                        "margin": {
                            "unit": "px",
                            "top": "0",
                            "right": "0",
                            "bottom": "0",
                            "left": "0",
                            "isLinked": false
                        },
                        "padding": {
                            "unit": "px",
                            "top": "0",
                            "right": "40",
                            "bottom": "0",
                            "left": "0",
                            "isLinked": false
                        },
                        "pa_condition_repeater": [
                            {
                                "_id": "21a06ab"
                            }
                        ],
                        "_inline_size_tablet": 100,
                        "padding_tablet": {
                            "unit": "px",
                            "top": "0",
                            "right": "0",
                            "bottom": "0",
                            "left": "0",
                            "isLinked": true
                        }
                    },
                    "elements": [
                        {
                            "id": "2c919af9",
                            "settings": {
                                "classic_posts_per_page": 5,
                                "classic_thumbnail_size_size": "large",
                                "classic_excerpt_length": 20,
                                "classic_meta_data": [
                                    "date"
                                ],
                                "classic_meta_separator": "\/\/\/",
                                "classic_show_read_more": "",
                                "classic_read_more_text": "Read More \u00bb",
                                "cards_meta_separator": "\u2022",
                                "cards_read_more_text": "Read More \u00bb",
                                "full_content_meta_separator": "\/\/\/",
                                "classic_column_gap": {
                                    "unit": "px",
                                    "size": 40,
                                    "sizes": []
                                },
                                "classic_row_gap": {
                                    "unit": "px",
                                    "size": 40,
                                    "sizes": []
                                },
                                "classic_row_gap_mobile": {
                                    "unit": "px",
                                    "size": 30,
                                    "sizes": []
                                },
                                "classic_content_padding": {
                                    "unit": "px",
                                    "top": "30",
                                    "right": "30",
                                    "bottom": "30",
                                    "left": "30",
                                    "isLinked": true
                                },
                                "classic_image_spacing": {
                                    "unit": "px",
                                    "size": 0,
                                    "sizes": []
                                },
                                "classic_title_spacing": {
                                    "unit": "px",
                                    "size": 8,
                                    "sizes": []
                                },
                                "pagination_type": "numbers_and_prev_next",
                                "pagination_page_limit": "5",
                                "pagination_prev_label": "&laquo; Previous",
                                "pagination_next_label": "Next &raquo;",
                                "text": "Load More",
                                "load_more_no_posts_custom_message": "No more posts to show",
                                "pagination_spacing_top": {
                                    "unit": "px",
                                    "size": 50,
                                    "sizes": []
                                },
                                "pagination_spacing_top_mobile": {
                                    "unit": "px",
                                    "size": 30,
                                    "sizes": []
                                },
                                "pa_condition_repeater": [
                                    {
                                        "_id": "6cc9d49"
                                    }
                                ],
                                "__globals__": {
                                    "classic_box_bg_color": "",
                                    "classic_title_typography_typography": "globals\/typography?id=6069114",
                                    "classic_meta_color": "globals\/colors?id=f439c06",
                                    "classic_meta_typography_typography": "globals\/typography?id=2ee5e62",
                                    "classic_excerpt_color": "globals\/colors?id=f439c06",
                                    "classic_excerpt_typography_typography": "globals\/typography?id=d8106cd",
                                    "pagination_typography_typography": "globals\/typography?id=15eece8",
                                    "pagination_color": "globals\/colors?id=f439c06",
                                    "pagination_active_color": "globals\/colors?id=b8d1d84",
                                    "pagination_hover_color": "globals\/colors?id=d1d99fd",
                                    "cards_card_bg_color": "",
                                    "cards_title_typography_typography": "globals\/typography?id=699f1be",
                                    "cards_meta_color": "globals\/colors?id=f439c06",
                                    "cards_meta_typography_typography": "globals\/typography?id=2ee5e62",
                                    "cards_badge_bg_color": "globals\/colors?id=dc3f30f",
                                    "cards_badge_color": "globals\/colors?id=b8d1d84",
                                    "cards_badge_typography_typography": "globals\/typography?id=3f9e575"
                                },
                                "classic_show_excerpt": "",
                                "cards_posts_per_page": 9,
                                "cards_thumbnail_size_size": "large",
                                "cards_show_excerpt": "",
                                "cards_meta_data": [
                                    "date"
                                ],
                                "cards_show_read_more": "",
                                "cards_show_avatar": "",
                                "cards_column_gap": {
                                    "unit": "px",
                                    "size": 40,
                                    "sizes": []
                                },
                                "cards_row_gap": {
                                    "unit": "px",
                                    "size": 40,
                                    "sizes": []
                                },
                                "cards_alignment": "center",
                                "cards_card_border_radius": {
                                    "unit": "px",
                                    "size": 0,
                                    "sizes": []
                                },
                                "cards_box_shadow_box_shadow_type": "",
                                "cards_image_spacing": {
                                    "unit": "px",
                                    "size": 0,
                                    "sizes": []
                                },
                                "cards_badge_radius": {
                                    "unit": "px",
                                    "size": 0,
                                    "sizes": []
                                },
                                "cards_badge_size": {
                                    "unit": "px",
                                    "size": 10,
                                    "sizes": []
                                },
                                "cards_title_spacing": {
                                    "unit": "px",
                                    "size": 20,
                                    "sizes": []
                                },
                                "classic_columns": "1",
                                "classic_columns_tablet": "1",
                                "classic_item_ratio": {
                                    "unit": "px",
                                    "size": 0.5,
                                    "sizes": []
                                },
                                "cards_columns": "1",
                                "classic_alignment": "center",
                                "classic_content_padding_mobile": {
                                    "unit": "px",
                                    "top": "20",
                                    "right": "0",
                                    "bottom": "0",
                                    "left": "0",
                                    "isLinked": false
                                },
                                "classic_meta_color": "#828282",
                                "classic_meta_typography_typography": "custom",
                                "classic_meta_typography_font_family": "Roboto",
                                "classic_meta_typography_font_size": {
                                    "unit": "px",
                                    "size": 13,
                                    "sizes": []
                                },
                                "classic_meta_typography_line_height": {
                                    "unit": "em",
                                    "size": 1.25,
                                    "sizes": []
                                },
                                "classic_meta_typography_word_spacing": {
                                    "unit": "em",
                                    "size": "",
                                    "sizes": []
                                },
                                "classic_excerpt_color": "#828282",
                                "classic_excerpt_typography_typography": "custom",
                                "classic_excerpt_typography_font_family": "Roboto",
                                "classic_excerpt_typography_font_size": {
                                    "unit": "px",
                                    "size": 15,
                                    "sizes": []
                                },
                                "classic_excerpt_typography_font_size_tablet": {
                                    "unit": "px",
                                    "size": 14,
                                    "sizes": []
                                },
                                "classic_excerpt_typography_font_size_mobile": {
                                    "unit": "px",
                                    "size": 14,
                                    "sizes": []
                                },
                                "classic_excerpt_typography_font_weight": "normal",
                                "classic_excerpt_typography_text_transform": "none",
                                "classic_excerpt_typography_font_style": "normal",
                                "classic_excerpt_typography_text_decoration": "none",
                                "classic_excerpt_typography_line_height": {
                                    "unit": "em",
                                    "size": 1.4,
                                    "sizes": []
                                },
                                "classic_excerpt_typography_word_spacing": {
                                    "unit": "em",
                                    "size": "",
                                    "sizes": []
                                },
                                "cards_card_border_width": {
                                    "unit": "px",
                                    "size": 0,
                                    "sizes": []
                                },
                                "cards_badge_bg_color": "#FFFFFF",
                                "cards_badge_color": "#3D484A",
                                "cards_badge_typography_typography": "custom",
                                "cards_badge_typography_font_family": "Poppins",
                                "cards_badge_typography_font_weight": "600",
                                "cards_badge_typography_text_transform": "uppercase",
                                "cards_badge_typography_font_style": "normal",
                                "cards_badge_typography_text_decoration": "none",
                                "cards_badge_typography_line_height": {
                                    "unit": "em",
                                    "size": 1.4,
                                    "sizes": []
                                },
                                "cards_badge_typography_letter_spacing": {
                                    "unit": "px",
                                    "size": 1,
                                    "sizes": []
                                },
                                "cards_badge_typography_word_spacing": {
                                    "unit": "em",
                                    "size": "",
                                    "sizes": []
                                },
                                "cards_title_typography_typography": "custom",
                                "cards_title_typography_font_family": "Poppins",
                                "cards_title_typography_font_size": {
                                    "unit": "px",
                                    "size": 16,
                                    "sizes": []
                                },
                                "cards_title_typography_font_size_tablet": {
                                    "unit": "px",
                                    "size": 16,
                                    "sizes": []
                                },
                                "cards_title_typography_font_size_mobile": {
                                    "unit": "px",
                                    "size": 16,
                                    "sizes": []
                                },
                                "cards_title_typography_font_weight": "600",
                                "cards_title_typography_text_transform": "none",
                                "cards_title_typography_font_style": "normal",
                                "cards_title_typography_text_decoration": "none",
                                "cards_title_typography_line_height": {
                                    "unit": "em",
                                    "size": 1.2,
                                    "sizes": []
                                },
                                "cards_title_typography_word_spacing": {
                                    "unit": "em",
                                    "size": "",
                                    "sizes": []
                                },
                                "cards_meta_color": "#828282",
                                "cards_meta_typography_typography": "custom",
                                "cards_meta_typography_font_family": "Roboto",
                                "cards_meta_typography_font_size": {
                                    "unit": "px",
                                    "size": 13,
                                    "sizes": []
                                },
                                "cards_meta_typography_line_height": {
                                    "unit": "em",
                                    "size": 1.25,
                                    "sizes": []
                                },
                                "cards_meta_typography_word_spacing": {
                                    "unit": "em",
                                    "size": "",
                                    "sizes": []
                                },
                                "pagination_typography_typography": "custom",
                                "pagination_typography_font_family": "Poppins",
                                "pagination_typography_font_size": {
                                    "unit": "px",
                                    "size": 13,
                                    "sizes": []
                                },
                                "pagination_typography_font_size_tablet": {
                                    "unit": "px",
                                    "size": 14,
                                    "sizes": []
                                },
                                "pagination_typography_font_weight": "600",
                                "pagination_typography_text_transform": "uppercase",
                                "pagination_typography_font_style": "normal",
                                "pagination_typography_text_decoration": "none",
                                "pagination_typography_line_height": {
                                    "unit": "em",
                                    "size": 1,
                                    "sizes": []
                                },
                                "pagination_typography_line_height_mobile": {
                                    "unit": "em",
                                    "size": 1.2,
                                    "sizes": []
                                },
                                "pagination_typography_letter_spacing": {
                                    "unit": "px",
                                    "size": 1,
                                    "sizes": []
                                },
                                "pagination_typography_word_spacing": {
                                    "unit": "em",
                                    "size": "",
                                    "sizes": []
                                },
                                "pagination_color": "#828282",
                                "pagination_hover_color": "#51C6D3",
                                "pagination_active_color": "#3D484A",
                                "cards_badge_typography_font_size": {
                                    "unit": "px",
                                    "size": 13,
                                    "sizes": []
                                },
                                "cards_badge_typography_font_size_tablet": {
                                    "unit": "px",
                                    "size": 14,
                                    "sizes": []
                                },
                                "cards_badge_typography_font_size_mobile": {
                                    "unit": "px",
                                    "size": 12,
                                    "sizes": []
                                }
                            },
                            "elements": [],
                            "isInner": false,
                            "widgetType": "posts",
                            "elType": "widget"
                        }
                    ],
                    "isInner": false,
                    "elType": "column"
                },
                {
                    "id": "2f91eee9",
                    "settings": {
                        "_column_size": 50,
                        "_inline_size": 25,
                        "pa_condition_repeater": [
                            {
                                "_id": "ec120a0"
                            }
                        ],
                        "_inline_size_tablet": 100,
                        "padding_tablet": {
                            "unit": "px",
                            "top": "40",
                            "right": "0",
                            "bottom": "0",
                            "left": "0",
                            "isLinked": false
                        }
                    },
                    "elements": [
                        {
                            "id": "708cc222",
                            "settings": {
                                "placeholder": "Search...",
                                "button_text": "Search",
                                "size": {
                                    "unit": "px",
                                    "size": 34,
                                    "sizes": []
                                },
                                "input_background_color": "#FFFFFF00",
                                "input_box_shadow_box_shadow_type": "yes",
                                "input_box_shadow_box_shadow": {
                                    "horizontal": 0,
                                    "vertical": 0,
                                    "blur": 0,
                                    "spread": 1,
                                    "color": "rgba(0, 0, 0, 0.1)"
                                },
                                "input_border_color_focus": "#FFFFFF00",
                                "button_border_width": {
                                    "unit": "px",
                                    "top": "0",
                                    "right": "0",
                                    "bottom": "0",
                                    "left": "0",
                                    "isLinked": true
                                },
                                "border_radius": {
                                    "unit": "px",
                                    "size": 0,
                                    "sizes": []
                                },
                                "icon_size": {
                                    "unit": "px",
                                    "size": 14,
                                    "sizes": []
                                },
                                "button_width": {
                                    "unit": "px",
                                    "size": 1.25,
                                    "sizes": []
                                },
                                "__globals__": {
                                    "button_background_color": "globals\/colors?id=1d7979f",
                                    "button_text_color": "globals\/colors?id=b8d1d84",
                                    "input_border_color": "globals\/colors?id=1e81ec4",
                                    "button_text_color_hover": "globals\/colors?id=dc3f30f",
                                    "button_background_color_hover": "globals\/colors?id=b8d1d84"
                                },
                                "_margin": {
                                    "unit": "px",
                                    "top": "0",
                                    "right": "0",
                                    "bottom": "40",
                                    "left": "0",
                                    "isLinked": false
                                },
                                "_element_width": "initial",
                                "_element_custom_width": {
                                    "unit": "px",
                                    "size": 350,
                                    "sizes": []
                                },
                                "_element_vertical_align": "center",
                                "pa_condition_repeater": [
                                    {
                                        "_id": "78e2860"
                                    }
                                ],
                                "_element_width_tablet": "inherit"
                            },
                            "elements": [],
                            "isInner": false,
                            "widgetType": "search-form",
                            "elType": "widget"
                        },
                        {
                            "id": "6cc16d44",
                            "settings": {
                                "social_icon_list": [
                                    {
                                        "social_icon": {
                                            "value": "fab fa-facebook-f",
                                            "library": "fa-brands"
                                        },
                                        "_id": "98c96b3"
                                    },
                                    {
                                        "social_icon": {
                                            "value": "fab fa-twitter",
                                            "library": "fa-brands"
                                        },
                                        "_id": "fbbf619"
                                    },
                                    {
                                        "social_icon": {
                                            "value": "fab fa-pinterest-p",
                                            "library": "fa-brands"
                                        },
                                        "_id": "e15890f"
                                    },
                                    {
                                        "social_icon": {
                                            "value": "fab fa-youtube",
                                            "library": "fa-brands"
                                        },
                                        "_id": "5498032"
                                    },
                                    {
                                        "social_icon": {
                                            "value": "fab fa-instagram",
                                            "library": "fa-brands"
                                        },
                                        "_id": "60bac6d"
                                    }
                                ],
                                "shape": "square",
                                "icon_color": "custom",
                                "icon_primary_color": "#F7F7F7",
                                "icon_size": {
                                    "unit": "px",
                                    "size": 14,
                                    "sizes": []
                                },
                                "icon_padding": {
                                    "unit": "em",
                                    "size": 0.6,
                                    "sizes": []
                                },
                                "icon_spacing": {
                                    "unit": "px",
                                    "size": 10,
                                    "sizes": []
                                },
                                "__globals__": {
                                    "icon_primary_color": "globals\/colors?id=1d7979f",
                                    "icon_secondary_color": "globals\/colors?id=b8d1d84",
                                    "hover_secondary_color": "globals\/colors?id=dc3f30f",
                                    "hover_primary_color": "globals\/colors?id=b8d1d84"
                                },
                                "icon_spacing_mobile": {
                                    "unit": "px",
                                    "size": 5,
                                    "sizes": []
                                },
                                "pa_condition_repeater": [
                                    {
                                        "_id": "7ddd24b"
                                    }
                                ],
                                "align": "left",
                                "_margin": {
                                    "unit": "px",
                                    "top": "0",
                                    "right": "0",
                                    "bottom": "0",
                                    "left": "0",
                                    "isLinked": false
                                },
                                "align_mobile": "center",
                                "align_tablet": "center"
                            },
                            "elements": [],
                            "isInner": false,
                            "widgetType": "social-icons",
                            "elType": "widget"
                        },
                        {
                            "id": "72b9423f",
                            "settings": {
                                "text": "Divider",
                                "gap": {
                                    "unit": "px",
                                    "size": 40,
                                    "sizes": []
                                },
                                "gap_mobile": {
                                    "unit": "px",
                                    "size": 20,
                                    "sizes": []
                                },
                                "__globals__": {
                                    "color": "globals\/colors?id=1e81ec4"
                                },
                                "pa_condition_repeater": [
                                    {
                                        "_id": "dd2005d"
                                    }
                                ],
                                "typography_line_height": {
                                    "unit": "em",
                                    "size": "",
                                    "sizes": []
                                },
                                "typography_word_spacing": {
                                    "unit": "em",
                                    "size": "",
                                    "sizes": []
                                }
                            },
                            "elements": [],
                            "isInner": false,
                            "widgetType": "divider",
                            "elType": "widget"
                        },
                        {
                            "id": "d048f2e",
                            "settings": {
                                "title": "Recent Posts",
                                "align_mobile": "center",
                                "_margin": {
                                    "unit": "px",
                                    "top": "0",
                                    "right": "0",
                                    "bottom": "20",
                                    "left": "0",
                                    "isLinked": false
                                },
                                "pa_condition_repeater": [
                                    {
                                        "_id": "4a1bfc1"
                                    }
                                ],
                                "__globals__": {
                                    "typography_typography": "globals\/typography?id=6069114",
                                    "title_color": "globals\/colors?id=b8d1d84"
                                }
                            },
                            "elements": [],
                            "isInner": false,
                            "widgetType": "heading",
                            "elType": "widget"
                        },
                        {
                            "id": "31737d3e",
                            "settings": {
                                "classic_columns": "1",
                                "classic_thumbnail": "left",
                                "classic_item_ratio": {
                                    "unit": "px",
                                    "size": 1,
                                    "sizes": []
                                },
                                "classic_image_width": {
                                    "unit": "px",
                                    "size": 70,
                                    "sizes": []
                                },
                                "classic_image_width_tablet": {
                                    "unit": "px",
                                    "size": "",
                                    "sizes": []
                                },
                                "classic_image_width_mobile": {
                                    "unit": "px",
                                    "size": 70,
                                    "sizes": []
                                },
                                "classic_show_excerpt": "",
                                "classic_meta_data": [
                                    "date"
                                ],
                                "classic_meta_separator": "\/\/\/",
                                "classic_show_read_more": "",
                                "classic_read_more_text": "Read More \u00bb",
                                "cards_meta_separator": "\u2022",
                                "cards_read_more_text": "Read More \u00bb",
                                "full_content_meta_separator": "\/\/\/",
                                "classic_row_gap": {
                                    "unit": "px",
                                    "size": 20,
                                    "sizes": []
                                },
                                "classic_image_spacing": {
                                    "unit": "px",
                                    "size": 15,
                                    "sizes": []
                                },
                                "classic_title_spacing": {
                                    "unit": "px",
                                    "size": 8,
                                    "sizes": []
                                },
                                "classic_meta_spacing": {
                                    "unit": "px",
                                    "size": 0,
                                    "sizes": []
                                },
                                "pagination_page_limit": "5",
                                "pagination_prev_label": "&laquo; Previous",
                                "pagination_next_label": "Next &raquo;",
                                "text": "Load More",
                                "load_more_no_posts_custom_message": "No more posts to show",
                                "pa_condition_repeater": [
                                    {
                                        "_id": "05f3495"
                                    }
                                ],
                                "__globals__": {
                                    "classic_title_typography_typography": "globals\/typography?id=f2e6b04",
                                    "classic_meta_color": "globals\/colors?id=f439c06"
                                },
                                "classic_item_ratio_mobile": {
                                    "unit": "px",
                                    "size": 1,
                                    "sizes": []
                                }
                            },
                            "elements": [],
                            "isInner": false,
                            "widgetType": "posts",
                            "elType": "widget"
                        },
                        {
                            "id": "4edbc899",
                            "settings": {
                                "text": "Divider",
                                "gap": {
                                    "unit": "px",
                                    "size": 40,
                                    "sizes": []
                                },
                                "gap_mobile": {
                                    "unit": "px",
                                    "size": 20,
                                    "sizes": []
                                },
                                "__globals__": {
                                    "color": "globals\/colors?id=1e81ec4"
                                },
                                "pa_condition_repeater": [
                                    {
                                        "_id": "dd2005d"
                                    }
                                ],
                                "typography_line_height": {
                                    "unit": "em",
                                    "size": "",
                                    "sizes": []
                                },
                                "typography_word_spacing": {
                                    "unit": "em",
                                    "size": "",
                                    "sizes": []
                                }
                            },
                            "elements": [],
                            "isInner": false,
                            "widgetType": "divider",
                            "elType": "widget"
                        },
                        {
                            "id": "295299c3",
                            "settings": {
                                "icon_list": [
                                    {
                                        "text": " Flat 20% Discount",
                                        "selected_icon": {
                                            "value": "fas fa-tag",
                                            "library": "fa-solid"
                                        },
                                        "_id": "dd26b28"
                                    },
                                    {
                                        "text": " Women Special 70% Off",
                                        "selected_icon": {
                                            "value": "fas fa-chess-queen",
                                            "library": "fa-solid"
                                        },
                                        "_id": "899113d"
                                    },
                                    {
                                        "text": " Men Special 50% Off",
                                        "selected_icon": {
                                            "value": "fas fa-chess-king",
                                            "library": "fa-solid"
                                        },
                                        "_id": "529578e"
                                    },
                                    {
                                        "text": " Get Extra 15% Off",
                                        "selected_icon": {
                                            "value": "fas fa-dollar-sign",
                                            "library": "fa-solid"
                                        },
                                        "_id": "e2fc66e"
                                    },
                                    {
                                        "text": " Get Holiday Ready",
                                        "selected_icon": {
                                            "value": "fas fa-glass-martini-alt",
                                            "library": "fa-solid"
                                        },
                                        "_id": "e95aa13"
                                    },
                                    {
                                        "text": " New-In Clothing",
                                        "selected_icon": {
                                            "value": "fas fa-star",
                                            "library": "fa-solid"
                                        },
                                        "_id": "ae06204"
                                    }
                                ],
                                "space_between": {
                                    "unit": "px",
                                    "size": 40,
                                    "sizes": []
                                },
                                "icon_align": "left",
                                "icon_size": {
                                    "unit": "px",
                                    "size": 18,
                                    "sizes": []
                                },
                                "icon_self_align": "center",
                                "_padding": {
                                    "unit": "px",
                                    "top": "25",
                                    "right": "25",
                                    "bottom": "25",
                                    "left": "25",
                                    "isLinked": false
                                },
                                "_background_background": "classic",
                                "__globals__": {
                                    "_background_color": "globals\/colors?id=48cf1a2",
                                    "divider_color": "globals\/colors?id=1e81ec4",
                                    "text_color": "globals\/colors?id=dc3f30f",
                                    "icon_color": "globals\/colors?id=dc3f30f",
                                    "icon_typography_typography": "globals\/typography?id=699f1be"
                                },
                                "divider": "yes",
                                "text_indent": {
                                    "unit": "px",
                                    "size": 10,
                                    "sizes": []
                                },
                                "_margin": {
                                    "unit": "px",
                                    "top": "0",
                                    "right": "0",
                                    "bottom": "40",
                                    "left": "0",
                                    "isLinked": false
                                },
                                "pa_condition_repeater": [
                                    {
                                        "_id": "22922a3"
                                    }
                                ]
                            },
                            "elements": [],
                            "isInner": false,
                            "widgetType": "icon-list",
                            "elType": "widget"
                        },
                        {
                            "id": "35b3897a",
                            "settings": {
                                "title": "Don't miss the deals",
                                "header_size": "h3",
                                "_margin": {
                                    "unit": "px",
                                    "top": "0",
                                    "right": "0",
                                    "bottom": "10",
                                    "left": "0",
                                    "isLinked": false
                                },
                                "__globals__": {
                                    "typography_typography": "globals\/typography?id=6069114"
                                },
                                "pa_condition_repeater": [
                                    {
                                        "_id": "bd3a1a8"
                                    }
                                ],
                                "align_mobile": "center"
                            },
                            "elements": [],
                            "isInner": false,
                            "widgetType": "heading",
                            "elType": "widget"
                        },
                        {
                            "id": "16f1f3f0",
                            "settings": {
                                "editor": "<p>Lorem ipsum dolor sit amet, consectetur adipiscing elit, sed do eiusmod tempor incididunt ut labore<\/p>",
                                "_margin": {
                                    "unit": "px",
                                    "top": "0",
                                    "right": "0",
                                    "bottom": "20",
                                    "left": "0",
                                    "isLinked": false
                                },
                                "pa_condition_repeater": [
                                    {
                                        "_id": "17e0734"
                                    }
                                ],
                                "align_mobile": "center",
                                "typography_line_height": {
                                    "unit": "em",
                                    "size": "",
                                    "sizes": []
                                },
                                "typography_word_spacing": {
                                    "unit": "em",
                                    "size": "",
                                    "sizes": []
                                },
                                "drop_cap_typography_line_height": {
                                    "unit": "em",
                                    "size": "",
                                    "sizes": []
                                },
                                "drop_cap_typography_word_spacing": {
                                    "unit": "em",
                                    "size": "",
                                    "sizes": []
                                }
                            },
                            "elements": [],
                            "isInner": false,
                            "widgetType": "text-editor",
                            "elType": "widget"
                        },
                        {
                            "id": "7e5f7fb1",
                            "settings": {
                                "form_name": "New Form",
                                "form_fields": [
                                    {
                                        "custom_id": "name",
                                        "field_label": "Name",
                                        "placeholder": "Name",
                                        "_id": "e3ed562",
                                        "file_sizes": "",
                                        "file_types": "",
                                        "allow_multiple_upload": "",
                                        "max_files": "",
                                        "acceptance_text": "",
                                        "checked_by_default": "",
                                        "field_min": "",
                                        "field_max": "",
                                        "min_date": "",
                                        "max_date": "",
                                        "use_native_date": "",
                                        "use_native_time": "",
                                        "previous_button": "",
                                        "next_button": ""
                                    },
                                    {
                                        "custom_id": "email",
                                        "field_type": "email",
                                        "required": "true",
                                        "field_label": "Email",
                                        "placeholder": "Email",
                                        "_id": "3fcbbaf",
                                        "file_sizes": "",
                                        "file_types": "",
                                        "allow_multiple_upload": "",
                                        "max_files": "",
                                        "acceptance_text": "",
                                        "checked_by_default": "",
                                        "field_min": "",
                                        "field_max": "",
                                        "min_date": "",
                                        "max_date": "",
                                        "use_native_date": "",
                                        "use_native_time": "",
                                        "previous_button": "",
                                        "next_button": ""
                                    }
                                ],
                                "show_labels": "",
                                "button_text": "Subscribe now",
                                "button_width": "",
                                "selected_button_icon": {
                                    "value": "fas fa-long-arrow-alt-right",
                                    "library": "fa-solid"
                                },
                                "button_icon_align": "right",
                                "email_content": "[all-fields]",
                                "email_content_2": "[all-fields]",
                                "success_message": "The form was sent successfully.",
                                "error_message": "An error occured.",
                                "required_field_message": "This field is required.",
                                "invalid_message": "There's something wrong. The form is invalid.",
                                "step_next_label": "Next",
                                "step_previous_label": "Previous",
                                "__globals__": {
                                    "field_text_color": "",
                                    "field_typography_typography": "",
                                    "button_background_hover_color": "globals\/colors?id=b8d1d84",
                                    "field_border_color": "globals\/colors?id=abfa94c"
                                },
                                "field_typography_font_family": "Roboto",
                                "field_typography_font_size": {
                                    "unit": "px",
                                    "size": 20,
                                    "sizes": []
                                },
                                "field_typography_font_size_tablet": {
                                    "unit": "px",
                                    "size": 16,
                                    "sizes": []
                                },
                                "field_typography_font_size_mobile": {
                                    "unit": "px",
                                    "size": 16,
                                    "sizes": []
                                },
                                "field_typography_font_weight": "300",
                                "field_typography_text_transform": "none",
                                "field_typography_font_style": "normal",
                                "field_typography_text_decoration": "none",
                                "field_typography_line_height": {
                                    "unit": "em",
                                    "size": 1.6,
                                    "sizes": []
                                },
                                "button_background_hover_color": "#F57250",
                                "button_align": "start",
                                "pa_condition_repeater": [
                                    {
                                        "_id": "ffd7a0a"
                                    }
                                ],
                                "button_align_mobile": "center"
                            },
                            "elements": [],
                            "isInner": false,
                            "widgetType": "form",
                            "elType": "widget"
                        },
                        {
                            "id": "1c2f9f8f",
                            "settings": {
                                "text": "Divider",
                                "gap": {
                                    "unit": "px",
                                    "size": 40,
                                    "sizes": []
                                },
                                "gap_mobile": {
                                    "unit": "px",
                                    "size": 20,
                                    "sizes": []
                                },
                                "__globals__": {
                                    "color": "globals\/colors?id=1e81ec4"
                                },
                                "pa_condition_repeater": [
                                    {
                                        "_id": "dd2005d"
                                    }
                                ],
                                "typography_line_height": {
                                    "unit": "em",
                                    "size": "",
                                    "sizes": []
                                },
                                "typography_word_spacing": {
                                    "unit": "em",
                                    "size": "",
                                    "sizes": []
                                }
                            },
                            "elements": [],
                            "isInner": false,
                            "widgetType": "divider",
                            "elType": "widget"
                        },
                        {
                            "id": "9b1c7db",
                            "settings": {
                                "_margin": {
                                    "unit": "px",
                                    "top": "0",
                                    "right": "0",
                                    "bottom": "0",
                                    "left": "0",
                                    "isLinked": false
                                },
                                "pa_condition_repeater": [
                                    {
                                        "_id": "6213cc3"
                                    }
                                ],
                                "_margin_mobile": {
                                    "unit": "px",
                                    "top": "0",
                                    "right": "0",
                                    "bottom": "0",
                                    "left": "0",
                                    "isLinked": true
                                },
                                "caption_typography_line_height": {
                                    "unit": "em",
                                    "size": "",
                                    "sizes": []
                                },
                                "caption_typography_word_spacing": {
                                    "unit": "em",
                                    "size": "",
                                    "sizes": []
                                },
                                "image": {
                                    "url": "http:\/\/templatekits.c-kav.com\/demo3\/vaya\/wp-content\/uploads\/sites\/14\/2022\/04\/banner-04.jpg",
                                    "id": 607,
                                    "alt": "",
                                    "source": "library"
                                }
                            },
                            "elements": [],
                            "isInner": false,
                            "widgetType": "image",
                            "elType": "widget"
                        }
                    ],
                    "isInner": false,
                    "elType": "column"
                }
            ],
            "isInner": false,
            "elType": "section"
        },
        {
            "id": "c0efaeb",
            "settings": {
                "background_background": "classic",
                "padding": {
                    "unit": "px",
                    "top": "75",
                    "right": "0",
                    "bottom": "75",
                    "left": "0",
                    "isLinked": false
                },
                "pa_condition_repeater": [
                    {
                        "_id": "243cbe6"
                    }
                ],
                "__globals__": {
                    "background_color": "globals\/colors?id=1d7979f"
                },
                "gap": "no",
                "padding_tablet": {
                    "unit": "px",
                    "top": "40",
                    "right": "40",
                    "bottom": "40",
                    "left": "40",
                    "isLinked": true
                },
                "padding_mobile": {
                    "unit": "px",
                    "top": "30",
                    "right": "30",
                    "bottom": "30",
                    "left": "30",
                    "isLinked": true
                }
            },
            "elements": [
                {
                    "id": "181a2a2",
                    "settings": {
                        "_column_size": 100,
                        "_inline_size": null,
                        "pa_condition_repeater": [
                            {
                                "_id": "94c32bc"
                            }
                        ],
                        "padding": {
                            "unit": "px",
                            "top": "0",
                            "right": "200",
                            "bottom": "0",
                            "left": "200",
                            "isLinked": false
                        },
                        "padding_tablet": {
                            "unit": "px",
                            "top": "0",
                            "right": "0",
                            "bottom": "0",
                            "left": "0",
                            "isLinked": true
                        }
                    },
                    "elements": [
                        {
                            "id": "7dd29845",
                            "settings": {
                                "title": "NEWSLETTER",
                                "header_size": "h5",
                                "pa_condition_repeater": [
                                    {
                                        "_id": "f4265fa"
                                    }
                                ],
                                "align": "center",
                                "_margin": {
                                    "unit": "px",
                                    "top": "0",
                                    "right": "0",
                                    "bottom": "5",
                                    "left": "0",
                                    "isLinked": false
                                },
                                "__globals__": {
                                    "typography_typography": "globals\/typography?id=3f9e575",
                                    "title_color": "globals\/colors?id=b8d1d84"
                                }
                            },
                            "elements": [],
                            "isInner": false,
                            "widgetType": "heading",
                            "elType": "widget"
                        },
                        {
                            "id": "68bb5a2f",
                            "settings": {
                                "title": "Signup & Get 10 % Off",
                                "header_size": "h5",
                                "pa_condition_repeater": [
                                    {
                                        "_id": "f4265fa"
                                    }
                                ],
                                "align": "center",
                                "_margin": {
                                    "unit": "px",
                                    "top": "0",
                                    "right": "0",
                                    "bottom": "20",
                                    "left": "0",
                                    "isLinked": false
                                },
                                "__globals__": {
                                    "typography_typography": "globals\/typography?id=fac0cc3",
                                    "title_color": "globals\/colors?id=b8d1d84"
                                }
                            },
                            "elements": [],
                            "isInner": false,
                            "widgetType": "heading",
                            "elType": "widget"
                        },
                        {
                            "id": "451ddbde",
                            "settings": {
                                "align": "center",
                                "_margin": {
                                    "unit": "px",
                                    "top": "0",
                                    "right": "0",
                                    "bottom": "40",
                                    "left": "0",
                                    "isLinked": false
                                },
                                "pa_condition_repeater": [
                                    {
                                        "_id": "159ed93"
                                    }
                                ],
                                "__globals__": {
                                    "typography_typography": "globals\/typography?id=8ea6c3b",
                                    "text_color": "globals\/colors?id=b8d1d84"
                                },
                                "_margin_mobile": {
                                    "unit": "px",
                                    "top": "0",
                                    "right": "0",
                                    "bottom": "20",
                                    "left": "0",
                                    "isLinked": false
                                }
                            },
                            "elements": [],
                            "isInner": false,
                            "widgetType": "text-editor",
                            "elType": "widget"
                        },
                        {
                            "id": "55028697",
                            "settings": {
                                "form_name": "Newletter",
                                "form_fields": [
                                    {
                                        "custom_id": "email",
                                        "field_type": "email",
                                        "required": "true",
                                        "field_label": "Email",
                                        "placeholder": "Email",
                                        "_id": "3fcbbaf",
                                        "file_sizes": "",
                                        "file_types": "",
                                        "allow_multiple_upload": "",
                                        "max_files": "",
                                        "acceptance_text": "",
                                        "checked_by_default": "",
                                        "field_min": "",
                                        "field_max": "",
                                        "min_date": "",
                                        "max_date": "",
                                        "use_native_date": "",
                                        "use_native_time": "",
                                        "previous_button": "",
                                        "next_button": "",
                                        "width": "80",
                                        "width_mobile": "80"
                                    }
                                ],
                                "show_labels": "",
                                "button_text": "",
                                "button_width": "20",
                                "selected_button_icon": {
                                    "value": "fas fa-long-arrow-alt-right",
                                    "library": "fa-solid"
                                },
                                "button_icon_align": "right",
                                "email_content": "[all-fields]",
                                "email_content_2": "[all-fields]",
                                "success_message": "The form was sent successfully.",
                                "error_message": "An error occured.",
                                "required_field_message": "This field is required.",
                                "invalid_message": "There's something wrong. The form is invalid.",
                                "step_next_label": "Next",
                                "step_previous_label": "Previous",
                                "__globals__": {
                                    "field_text_color": "",
                                    "field_typography_typography": "globals\/typography?id=d8106cd",
                                    "button_background_hover_color": "globals\/colors?id=d1d99fd",
                                    "field_border_color": "globals\/colors?id=abfa94c",
                                    "button_typography_typography": ""
                                },
                                "field_typography_font_family": "Roboto",
                                "field_typography_font_size": {
                                    "unit": "px",
                                    "size": 15,
                                    "sizes": []
                                },
                                "field_typography_font_size_tablet": {
                                    "unit": "px",
                                    "size": 14,
                                    "sizes": []
                                },
                                "field_typography_font_size_mobile": {
                                    "unit": "px",
                                    "size": 14,
                                    "sizes": []
                                },
                                "field_typography_font_weight": "normal",
                                "field_typography_text_transform": "none",
                                "field_typography_font_style": "normal",
                                "field_typography_text_decoration": "none",
                                "field_typography_line_height": {
                                    "unit": "em",
                                    "size": 1.4,
                                    "sizes": []
                                },
                                "button_background_hover_color": "#51C6D3",
                                "row_gap": {
                                    "unit": "px",
                                    "size": 20,
                                    "sizes": []
                                },
                                "pa_condition_repeater": [
                                    {
                                        "_id": "21c7285"
                                    }
                                ],
                                "input_size": "md",
                                "button_size": "md",
                                "button_icon_indent": {
                                    "unit": "px",
                                    "size": 0,
                                    "sizes": []
                                },
                                "column_gap": {
                                    "unit": "px",
                                    "size": 0,
                                    "sizes": []
                                },
                                "field_typography_typography": "custom",
                                "field_typography_word_spacing": {
                                    "unit": "em",
                                    "size": "",
                                    "sizes": []
                                },
                                "field_border_color": "#0000001A",
                                "button_typography_typography": "custom",
                                "button_typography_font_family": "Nunito",
                                "button_typography_font_size": {
                                    "unit": "px",
                                    "size": 20,
                                    "sizes": []
                                },
                                "button_typography_font_size_tablet": {
                                    "unit": "px",
                                    "size": 14,
                                    "sizes": []
                                },
                                "button_typography_font_size_mobile": {
                                    "unit": "px",
                                    "size": 12,
                                    "sizes": []
                                },
                                "button_typography_font_weight": "bold",
                                "button_typography_text_transform": "uppercase",
                                "button_typography_font_style": "normal",
                                "button_typography_text_decoration": "none",
                                "button_typography_line_height": {
                                    "unit": "em",
                                    "size": 1,
                                    "sizes": []
                                },
                                "button_typography_line_height_mobile": {
                                    "unit": "em",
                                    "size": 1.2,
                                    "sizes": []
                                },
                                "button_typography_letter_spacing": {
                                    "unit": "px",
                                    "size": 0.5,
                                    "sizes": []
                                },
                                "button_typography_word_spacing": {
                                    "unit": "em",
                                    "size": "",
                                    "sizes": []
                                },
                                "_padding": {
                                    "unit": "px",
                                    "top": "0",
                                    "right": "75",
                                    "bottom": "0",
                                    "left": "75",
                                    "isLinked": false
                                },
                                "button_width_mobile": "20",
                                "button_align_mobile": "stretch",
                                "_padding_mobile": {
                                    "unit": "px",
                                    "top": "0",
                                    "right": "0",
                                    "bottom": "0",
                                    "left": "0",
                                    "isLinked": true
                                }
                            },
                            "elements": [],
                            "isInner": false,
                            "widgetType": "form",
                            "elType": "widget"
                        }
                    ],
                    "isInner": false,
                    "elType": "column"
                }
            ],
            "isInner": false,
            "elType": "section"
        }
    ]
}