{
    "version": "0.4",
    "title": "Global Kit Styles",
    "type": "section",
    "metadata": {
        "template_type": "global-styles",
        "include_in_zip": "1",
        "elementor_pro_required": "1",
        "additional_template_information": [
            "These are the global theme styles configured through the Elementor Theme Styles area."
        ],
        "wp_page_template": "default"
    },
    "content": [],
    "page_settings": {
        "system_colors": [
            {
                "_id": "primary",
                "title": "Primary",
                "color": "#6EC1E4"
            },
            {
                "_id": "secondary",
                "title": "Secondary",
                "color": "#54595F"
            },
            {
                "_id": "text",
                "title": "Text",
                "color": "#7A7A7A"
            },
            {
                "_id": "accent",
                "title": "Accent",
                "color": "#61CE70"
            }
        ],
        "custom_colors": [
            {
                "_id": "d1d99fd",
                "title": "ckav-primary",
                "color": "#51C6D3"
            },
            {
                "_id": "48cf1a2",
                "title": "ckav-secondary",
                "color": "#FF7E00"
            },
            {
                "_id": "b8d1d84",
                "title": "ckav-dark",
                "color": "#3D484A"
            },
            {
                "_id": "294b8d4",
                "title": "ckav-dark1",
                "color": "#303B3E"
            },
            {
                "_id": "1d7979f",
                "title": "ckav-light",
                "color": "#F7F7F7"
            },
            {
                "_id": "dc3f30f",
                "title": "ckav-white",
                "color": "#FFFFFF"
            },
            {
                "_id": "f23edc6",
                "title": "ckav-black",
                "color": "#000000"
            },
            {
                "_id": "f439c06",
                "title": "ckav-bodytext",
                "color": "#828282"
            },
            {
                "_id": "1e81ec4",
                "title": "ckav-divider",
                "color": "#0000001A"
            },
            {
                "_id": "f19268a",
                "title": "ckav-product-button",
                "color": "#0000000D"
            },
            {
                "_id": "d3b9c8a",
                "title": "ckav-light-text",
                "color": "#FFFFFF91"
            },
            {
                "_id": "5c83a88",
                "title": "ckav-divider-light",
                "color": "#FFFFFF1A"
            },
            {
                "_id": "abfa94c",
                "title": "ckav-border",
                "color": "#0000001A"
            },
            {
                "_id": "c9e9b74",
                "title": "ckav-border-light",
                "color": "#FFFFFF30"
            },
            {
                "_id": "f3600bc",
                "title": "ckav-overlay",
                "color": "#303B3EBD"
            },
            {
                "_id": "70e6821",
                "title": "ckav-glass-bg",
                "color": "#00000020"
            },
            {
                "_id": "76e6d2c",
                "title": "ckav-glass-bg-light",
                "color": "#FFFFFF20"
            }
        ],
        "system_typography": [
            {
                "_id": "primary",
                "title": "Primary",
                "typography_typography": "custom",
                "typography_font_family": "Roboto",
                "typography_font_weight": "600"
            },
            {
                "_id": "secondary",
                "title": "Secondary",
                "typography_typography": "custom",
                "typography_font_family": "Roboto Slab",
                "typography_font_weight": "400"
            },
            {
                "_id": "text",
                "title": "Text",
                "typography_typography": "custom",
                "typography_font_family": "Roboto",
                "typography_font_weight": "400"
            },
            {
                "_id": "accent",
                "title": "Accent",
                "typography_typography": "custom",
                "typography_font_family": "Roboto",
                "typography_font_weight": "500"
            }
        ],
        "custom_typography": [
            {
                "_id": "86a5954",
                "title": "ckav-main-title",
                "typography_typography": "custom",
                "typography_font_family": "Poppins",
                "typography_font_size": {
                    "unit": "px",
                    "size": 60,
                    "sizes": []
                },
                "typography_font_weight": "600",
                "typography_text_transform": "none",
                "typography_font_style": "normal",
                "typography_text_decoration": "none",
                "typography_line_height": {
                    "unit": "em",
                    "size": 1.1,
                    "sizes": []
                },
                "typography_font_size_tablet": {
                    "unit": "px",
                    "size": 40,
                    "sizes": []
                },
                "typography_font_size_mobile": {
                    "unit": "px",
                    "size": 30,
                    "sizes": []
                }
            },
            {
                "_id": "6069114",
                "title": "ckav-section-title-small",
                "typography_typography": "custom",
                "typography_font_family": "Poppins",
                "typography_font_size": {
                    "unit": "px",
                    "size": 22,
                    "sizes": []
                },
                "typography_font_weight": "600",
                "typography_text_transform": "none",
                "typography_font_style": "normal",
                "typography_text_decoration": "none",
                "typography_line_height": {
                    "unit": "em",
                    "size": 1.3,
                    "sizes": []
                },
                "typography_font_size_tablet": {
                    "unit": "px",
                    "size": 22,
                    "sizes": []
                },
                "typography_font_size_mobile": {
                    "unit": "px",
                    "size": 20,
                    "sizes": []
                },
                "typography_letter_spacing": {
                    "unit": "px",
                    "size": 0,
                    "sizes": []
                }
            },
            {
                "_id": "fac0cc3",
                "title": "ckav-section-title",
                "typography_typography": "custom",
                "typography_font_family": "Poppins",
                "typography_font_size": {
                    "unit": "px",
                    "size": 28,
                    "sizes": []
                },
                "typography_font_weight": "600",
                "typography_text_transform": "none",
                "typography_font_style": "normal",
                "typography_text_decoration": "none",
                "typography_line_height": {
                    "unit": "em",
                    "size": 1.2,
                    "sizes": []
                },
                "typography_font_size_tablet": {
                    "unit": "px",
                    "size": 30,
                    "sizes": []
                },
                "typography_font_size_mobile": {
                    "unit": "px",
                    "size": 25,
                    "sizes": []
                },
                "typography_letter_spacing": {
                    "unit": "px",
                    "size": 0,
                    "sizes": []
                }
            },
            {
                "_id": "699f1be",
                "title": "ckav-content-title",
                "typography_typography": "custom",
                "typography_font_family": "Poppins",
                "typography_font_size": {
                    "unit": "px",
                    "size": 16,
                    "sizes": []
                },
                "typography_font_weight": "600",
                "typography_text_transform": "none",
                "typography_font_style": "normal",
                "typography_text_decoration": "none",
                "typography_line_height": {
                    "unit": "em",
                    "size": 1.2,
                    "sizes": []
                },
                "typography_font_size_tablet": {
                    "unit": "px",
                    "size": 16,
                    "sizes": []
                },
                "typography_font_size_mobile": {
                    "unit": "px",
                    "size": 16,
                    "sizes": []
                }
            },
            {
                "_id": "3f9e575",
                "title": "ckav-mini-title",
                "typography_typography": "custom",
                "typography_font_family": "Poppins",
                "typography_font_size": {
                    "unit": "px",
                    "size": 13,
                    "sizes": []
                },
                "typography_font_weight": "600",
                "typography_text_transform": "uppercase",
                "typography_font_style": "normal",
                "typography_text_decoration": "none",
                "typography_line_height": {
                    "unit": "em",
                    "size": 1.4,
                    "sizes": []
                },
                "typography_font_size_tablet": {
                    "unit": "px",
                    "size": 14,
                    "sizes": []
                },
                "typography_font_size_mobile": {
                    "unit": "px",
                    "size": 12,
                    "sizes": []
                },
                "typography_letter_spacing": {
                    "unit": "px",
                    "size": 1,
                    "sizes": []
                }
            },
            {
                "_id": "8ea6c3b",
                "title": "ckav-subtitle",
                "typography_typography": "custom",
                "typography_font_family": "Roboto",
                "typography_font_size": {
                    "unit": "px",
                    "size": 20,
                    "sizes": []
                },
                "typography_font_weight": "300",
                "typography_text_transform": "none",
                "typography_font_style": "normal",
                "typography_text_decoration": "none",
                "typography_line_height": {
                    "unit": "em",
                    "size": 1.6,
                    "sizes": []
                },
                "typography_font_size_tablet": {
                    "unit": "px",
                    "size": 16,
                    "sizes": []
                },
                "typography_font_size_mobile": {
                    "unit": "px",
                    "size": 16,
                    "sizes": []
                }
            },
            {
                "_id": "d8106cd",
                "title": "ckav-body-text",
                "typography_typography": "custom",
                "typography_font_family": "Roboto",
                "typography_font_size": {
                    "unit": "px",
                    "size": 15,
                    "sizes": []
                },
                "typography_font_weight": "normal",
                "typography_text_transform": "none",
                "typography_font_style": "normal",
                "typography_text_decoration": "none",
                "typography_line_height": {
                    "unit": "em",
                    "size": 1.4,
                    "sizes": []
                },
                "typography_font_size_tablet": {
                    "unit": "px",
                    "size": 14,
                    "sizes": []
                },
                "typography_font_size_mobile": {
                    "unit": "px",
                    "size": 14,
                    "sizes": []
                }
            },
            {
                "_id": "15eece8",
                "title": "ckav-button-text",
                "typography_typography": "custom",
                "typography_font_family": "Poppins",
                "typography_font_size": {
                    "unit": "px",
                    "size": 13,
                    "sizes": []
                },
                "typography_font_weight": "600",
                "typography_font_style": "normal",
                "typography_text_decoration": "none",
                "typography_line_height": {
                    "unit": "em",
                    "size": 1,
                    "sizes": []
                },
                "typography_font_size_tablet": {
                    "unit": "px",
                    "size": 14,
                    "sizes": []
                },
                "typography_letter_spacing": {
                    "unit": "px",
                    "size": 1,
                    "sizes": []
                },
                "typography_line_height_mobile": {
                    "unit": "em",
                    "size": 1.2,
                    "sizes": []
                },
                "typography_text_transform": "uppercase"
            },
            {
                "typography_typography": "custom",
                "typography_font_family": "Poppins",
                "typography_font_size": {
                    "unit": "px",
                    "size": 12,
                    "sizes": []
                },
                "typography_font_size_tablet": {
                    "unit": "px",
                    "size": 14,
                    "sizes": []
                },
                "typography_font_weight": "600",
                "typography_text_transform": "uppercase",
                "typography_font_style": "normal",
                "typography_text_decoration": "none",
                "typography_line_height": {
                    "unit": "em",
                    "size": 1,
                    "sizes": []
                },
                "typography_line_height_mobile": {
                    "unit": "em",
                    "size": 1.2,
                    "sizes": []
                },
                "typography_letter_spacing": {
                    "unit": "px",
                    "size": 0.5,
                    "sizes": []
                },
                "_id": "52e33ef",
                "title": "ckav-button-text-small"
            },
            {
                "_id": "951a591",
                "title": "ckav-menu",
                "typography_typography": "custom",
                "typography_font_family": "Poppins",
                "typography_font_size": {
                    "unit": "px",
                    "size": 14,
                    "sizes": []
                },
                "typography_font_weight": "600",
                "typography_letter_spacing": {
                    "unit": "px",
                    "size": 1,
                    "sizes": []
                }
            },
            {
                "_id": "f2e6b04",
                "title": "ckav-content-title-small",
                "typography_typography": "custom",
                "typography_font_family": "Poppins",
                "typography_font_size": {
                    "unit": "px",
                    "size": 14,
                    "sizes": []
                },
                "typography_font_weight": "600",
                "typography_line_height": {
                    "unit": "em",
                    "size": 1.3,
                    "sizes": []
                }
            },
            {
                "_id": "2ee5e62",
                "title": "ckav-body-text-small",
                "typography_typography": "custom",
                "typography_font_family": "Roboto",
                "typography_font_size": {
                    "unit": "px",
                    "size": 13,
                    "sizes": []
                },
                "typography_line_height": {
                    "unit": "em",
                    "size": 1.25,
                    "sizes": []
                }
            },
            {
                "typography_typography": "custom",
                "typography_font_family": "Poppins",
                "typography_font_size": {
                    "unit": "px",
                    "size": 40,
                    "sizes": []
                },
                "typography_font_size_tablet": {
                    "unit": "px",
                    "size": 30,
                    "sizes": []
                },
                "typography_font_size_mobile": {
                    "unit": "px",
                    "size": 25,
                    "sizes": []
                },
                "typography_font_weight": "700",
                "typography_text_transform": "none",
                "typography_font_style": "normal",
                "typography_text_decoration": "none",
                "typography_line_height": {
                    "unit": "em",
                    "size": 1.2,
                    "sizes": []
                },
                "typography_letter_spacing": {
                    "unit": "px",
                    "size": 0,
                    "sizes": []
                },
                "typography_word_spacing": {
                    "unit": "em",
                    "size": "",
                    "sizes": []
                },
                "_id": "b1799de",
                "title": "ckav-hd-1"
            }
        ],
        "default_generic_fonts": "Sans-serif",
        "space_between_widgets": {
            "unit": "px",
            "size": 0,
            "sizes": []
        },
        "page_title_selector": "h1.entry-title",
        "paragraph_spacing": {
            "unit": "px",
            "size": 0,
            "sizes": []
        },
        "activeItemIndex": 1,
        "__globals__": {
            "body_color": "globals\/colors?id=f439c06",
            "body_typography_typography": "globals\/typography?id=d8106cd",
            "h1_color": "globals\/colors?id=b8d1d84",
            "h2_color": "globals\/colors?id=b8d1d84",
            "h3_color": "globals\/colors?id=b8d1d84",
            "h4_color": "globals\/colors?id=b8d1d84",
            "h5_color": "globals\/colors?id=b8d1d84",
            "h6_color": "globals\/colors?id=b8d1d84",
            "button_typography_typography": "globals\/typography?id=15eece8",
            "button_text_color": "globals\/colors?id=dc3f30f",
            "button_background_color": "globals\/colors?id=d1d99fd",
            "form_label_typography_typography": "globals\/typography?id=d8106cd",
            "form_field_typography_typography": "globals\/typography?id=d8106cd",
            "link_normal_color": "globals\/colors?id=b8d1d84",
            "link_hover_color": "globals\/colors?id=d1d99fd",
            "button_hover_background_color": "globals\/colors?id=b8d1d84",
            "button_hover_text_color": "globals\/colors?id=dc3f30f",
            "h1_typography_typography": "",
            "h2_typography_typography": "",
            "h3_typography_typography": "",
            "h4_typography_typography": "",
            "h5_typography_typography": "",
            "h6_typography_typography": "",
            "form_field_border_color": "globals\/colors?id=abfa94c"
        },
        "h1_typography_typography": "custom",
        "h1_typography_font_family": "Poppins",
        "h1_typography_font_size": {
            "unit": "px",
            "size": 60,
            "sizes": []
        },
        "h1_typography_font_size_tablet": {
            "unit": "px",
            "size": 40,
            "sizes": []
        },
        "h1_typography_font_size_mobile": {
            "unit": "px",
            "size": 30,
            "sizes": []
        },
        "h1_typography_font_weight": "600",
        "h1_typography_text_transform": "none",
        "h1_typography_font_style": "normal",
        "h1_typography_text_decoration": "none",
        "h1_typography_line_height": {
            "unit": "em",
            "size": 1.1,
            "sizes": []
        },
        "h2_typography_typography": "custom",
        "h2_typography_font_family": "Poppins",
        "h2_typography_font_size": {
            "unit": "px",
            "size": 28,
            "sizes": []
        },
        "h2_typography_font_size_tablet": {
            "unit": "px",
            "size": 30,
            "sizes": []
        },
        "h2_typography_font_size_mobile": {
            "unit": "px",
            "size": 25,
            "sizes": []
        },
        "h2_typography_font_weight": "600",
        "h2_typography_text_transform": "none",
        "h2_typography_font_style": "normal",
        "h2_typography_text_decoration": "none",
        "h2_typography_line_height": {
            "unit": "em",
            "size": 1.2,
            "sizes": []
        },
        "h3_typography_typography": "custom",
        "h3_typography_font_family": "Poppins",
        "h3_typography_font_size": {
            "unit": "px",
            "size": 22,
            "sizes": []
        },
        "h3_typography_font_size_tablet": {
            "unit": "px",
            "size": 22,
            "sizes": []
        },
        "h3_typography_font_size_mobile": {
            "unit": "px",
            "size": 20,
            "sizes": []
        },
        "h3_typography_font_weight": "600",
        "h3_typography_text_transform": "none",
        "h3_typography_font_style": "normal",
        "h3_typography_text_decoration": "none",
        "h3_typography_line_height": {
            "unit": "em",
            "size": 1.3,
            "sizes": []
        },
        "h4_typography_typography": "custom",
        "h4_typography_font_family": "Poppins",
        "h4_typography_font_size": {
            "unit": "px",
            "size": 16,
            "sizes": []
        },
        "h4_typography_font_size_tablet": {
            "unit": "px",
            "size": 16,
            "sizes": []
        },
        "h4_typography_font_size_mobile": {
            "unit": "px",
            "size": 16,
            "sizes": []
        },
        "h4_typography_font_weight": "600",
        "h4_typography_text_transform": "none",
        "h4_typography_font_style": "normal",
        "h4_typography_text_decoration": "none",
        "h4_typography_line_height": {
            "unit": "em",
            "size": 1.2,
            "sizes": []
        },
        "h5_typography_typography": "custom",
        "h5_typography_font_family": "Poppins",
        "h5_typography_font_size": {
            "unit": "px",
            "size": 14,
            "sizes": []
        },
        "h5_typography_font_weight": "600",
        "h5_typography_line_height": {
            "unit": "em",
            "size": 1.3,
            "sizes": []
        },
        "h6_typography_typography": "custom",
        "h6_typography_font_family": "Poppins",
        "h6_typography_font_size": {
            "unit": "px",
            "size": 14,
            "sizes": []
        },
        "h6_typography_font_weight": "600",
        "h6_typography_line_height": {
            "unit": "em",
            "size": 1.3,
            "sizes": []
        },
        "button_border_radius": {
            "unit": "px",
            "top": "0",
            "right": "0",
            "bottom": "0",
            "left": "0",
            "isLinked": true
        },
        "button_padding": {
            "unit": "px",
            "top": "12",
            "right": "25",
            "bottom": "12",
            "left": "25",
            "isLinked": false
        },
        "form_field_border_width": {
            "unit": "px",
            "top": "1",
            "right": "1",
            "bottom": "1",
            "left": "1",
            "isLinked": true
        },
        "form_field_border_radius": {
            "unit": "px",
            "top": "0",
            "right": "0",
            "bottom": "0",
            "left": "0",
            "isLinked": true
        },
        "hello_footer_copyright_text": "All rights reserved",
        "viewport_md": 768,
        "viewport_lg": 1025,
        "form_field_padding": {
            "unit": "px",
            "top": "6",
            "right": "20",
            "bottom": "6",
            "left": "20",
            "isLinked": false
        },
        "link_hover_typography_text_decoration": "underline",
        "button_padding_mobile": {
            "unit": "px",
            "top": "8",
            "right": "15",
            "bottom": "8",
            "left": "15",
            "isLinked": false
        },
        "body_color": "#828282",
        "link_normal_color": "#3D484A",
        "link_hover_color": "#51C6D3",
        "h1_color": "#3D484A",
        "h2_color": "#3D484A",
        "h2_typography_letter_spacing": {
            "unit": "px",
            "size": 0,
            "sizes": []
        },
        "h3_color": "#3D484A",
        "h3_typography_letter_spacing": {
            "unit": "px",
            "size": 0,
            "sizes": []
        },
        "h4_color": "#3D484A",
        "h5_color": "#3D484A",
        "h6_color": "#3D484A",
        "button_typography_typography": "custom",
        "button_typography_font_family": "Poppins",
        "button_typography_font_size": {
            "unit": "px",
            "size": 13,
            "sizes": []
        },
        "button_typography_font_weight": "600",
        "button_typography_font_style": "normal",
        "button_typography_text_decoration": "none",
        "button_typography_line_height": {
            "unit": "em",
            "size": 1,
            "sizes": []
        },
        "button_typography_letter_spacing": {
            "unit": "px",
            "size": 1,
            "sizes": []
        },
        "button_text_color": "#FFFFFF",
        "button_background_color": "#51C6D3",
        "button_hover_text_color": "#FFFFFF",
        "button_hover_background_color": "#3D484A",
        "button_typography_font_size_tablet": {
            "unit": "px",
            "size": 14,
            "sizes": []
        },
        "button_typography_line_height_mobile": {
            "unit": "em",
            "size": 1.2,
            "sizes": []
        },
        "button_typography_text_transform": "uppercase",
        "form_field_border_border": "solid"
    }
}