{
    "version": "0.4",
    "title": "Vaya &#8211; Single Post",
    "type": "single-post",
    "metadata": {
        "template_type": "single-post",
        "include_in_zip": "1",
        "elementor_pro_required": "1",
        "elementor_library_type": "single-post",
        "elementor_pro_conditions": [
            "include\/singular"
        ],
        "additional_template_information": [
            "This is a \"Single Post\" template for Elementor Pro.",
            "This template will display on: All Singular."
        ],
        "wp_page_template": "default"
    },
    "content": [
        {
            "id": "3661d127",
            "settings": {
                "gap": "no",
                "background_background": "classic",
                "padding": {
                    "unit": "px",
                    "top": "75",
                    "right": "0",
                    "bottom": "150",
                    "left": "0",
                    "isLinked": false
                },
                "__globals__": {
                    "background_color": "globals\/colors?id=294b8d4"
                },
                "padding_tablet": {
                    "unit": "px",
                    "top": "40",
                    "right": "40",
                    "bottom": "40",
                    "left": "40",
                    "isLinked": true
                },
                "pa_condition_repeater": [
                    {
                        "_id": "4e9621a"
                    }
                ],
                "padding_mobile": {
                    "unit": "px",
                    "top": "30",
                    "right": "30",
                    "bottom": "30",
                    "left": "30",
                    "isLinked": true
                }
            },
            "elements": [
                {
                    "id": "56838b03",
                    "settings": {
                        "_column_size": 100,
                        "_inline_size": null,
                        "padding": {
                            "unit": "%",
                            "top": "0",
                            "right": "10",
                            "bottom": "0",
                            "left": "10",
                            "isLinked": false
                        },
                        "padding_tablet": {
                            "unit": "px",
                            "top": "0",
                            "right": "0",
                            "bottom": "0",
                            "left": "0",
                            "isLinked": true
                        },
                        "pa_condition_repeater": [
                            {
                                "_id": "81098e3"
                            }
                        ]
                    },
                    "elements": [
                        {
                            "id": "19af00e7",
                            "settings": {
                                "icon_list": [
                                    {
                                        "_id": "0579458",
                                        "type": "terms",
                                        "custom_date_format": "F j, Y",
                                        "custom_time_format": "g:i a",
                                        "taxonomy": "category"
                                    }
                                ],
                                "space_between": {
                                    "unit": "px",
                                    "size": 40,
                                    "sizes": []
                                },
                                "icon_align": "center",
                                "text_indent": {
                                    "unit": "px",
                                    "size": 10,
                                    "sizes": []
                                },
                                "_margin": {
                                    "unit": "px",
                                    "top": "0",
                                    "right": "0",
                                    "bottom": "20",
                                    "left": "0",
                                    "isLinked": false
                                },
                                "pa_condition_repeater": [
                                    {
                                        "_id": "c31d34d"
                                    }
                                ],
                                "__globals__": {
                                    "text_color": "globals\/colors?id=d3b9c8a",
                                    "icon_color": "globals\/colors?id=d1d99fd"
                                }
                            },
                            "elements": [],
                            "isInner": false,
                            "widgetType": "post-info",
                            "elType": "widget"
                        },
                        {
                            "id": "c9a73f4",
                            "settings": {
                                "title": "Blog\n",
                                "align": "center",
                                "_margin": {
                                    "unit": "px",
                                    "top": "0",
                                    "right": "0",
                                    "bottom": "30",
                                    "left": "0",
                                    "isLinked": false
                                },
                                "__globals__": {
                                    "title_color": "globals\/colors?id=dc3f30f",
                                    "typography_typography": "globals\/typography?id=86a5954"
                                },
                                "pa_condition_repeater": [
                                    {
                                        "_id": "804a547"
                                    }
                                ],
                                "__dynamic__": {
                                    "title": "[elementor-tag id=\"0be2e34\" name=\"post-title\" settings=\"%7B%7D\"]"
                                }
                            },
                            "elements": [],
                            "isInner": false,
                            "widgetType": "heading",
                            "elType": "widget"
                        },
                        {
                            "id": "241dbd6d",
                            "settings": {
                                "icon_list": [
                                    {
                                        "type": "author",
                                        "selected_icon": {
                                            "value": "far fa-user-circle",
                                            "library": "fa-regular"
                                        },
                                        "_id": "f580cc1",
                                        "custom_date_format": "F j, Y",
                                        "custom_time_format": "g:i a"
                                    },
                                    {
                                        "selected_icon": {
                                            "value": "fas fa-calendar",
                                            "library": "fa-solid"
                                        },
                                        "_id": "0ccfc56",
                                        "custom_date_format": "F j, Y",
                                        "custom_time_format": "g:i a"
                                    }
                                ],
                                "space_between": {
                                    "unit": "px",
                                    "size": 30,
                                    "sizes": []
                                },
                                "icon_align": "center",
                                "text_indent": {
                                    "unit": "px",
                                    "size": 10,
                                    "sizes": []
                                },
                                "pa_condition_repeater": [
                                    {
                                        "_id": "c31d34d"
                                    }
                                ],
                                "__globals__": {
                                    "text_color": "globals\/colors?id=d3b9c8a",
                                    "icon_color": "globals\/colors?id=d1d99fd"
                                }
                            },
                            "elements": [],
                            "isInner": false,
                            "widgetType": "post-info",
                            "elType": "widget"
                        }
                    ],
                    "isInner": false,
                    "elType": "column"
                }
            ],
            "isInner": false,
            "elType": "section"
        },
        {
            "id": "1b292883",
            "settings": {
                "gap": "no",
                "background_background": "classic",
                "padding": {
                    "unit": "px",
                    "top": "0",
                    "right": "0",
                    "bottom": "0",
                    "left": "0",
                    "isLinked": false
                },
                "pa_condition_repeater": [
                    {
                        "_id": "87be788"
                    }
                ],
                "__globals__": {
                    "background_color": ""
                }
            },
            "elements": [
                {
                    "id": "3b2ef624",
                    "settings": {
                        "_column_size": 100,
                        "_inline_size": null,
                        "pa_condition_repeater": [
                            {
                                "_id": "75b1b46"
                            }
                        ]
                    },
                    "elements": [
                        {
                            "id": "1266c007",
                            "settings": {
                                "__dynamic__": {
                                    "image": "[elementor-tag id=\"\" name=\"post-featured-image\" settings=\"%7B%22fallback%22%3A%7B%22url%22%3A%22%22%2C%22id%22%3A%22%22%7D%7D\"]"
                                },
                                "image_size": "full",
                                "height": {
                                    "unit": "px",
                                    "size": 600,
                                    "sizes": []
                                },
                                "object-fit": "cover",
                                "_margin": {
                                    "unit": "px",
                                    "top": "-100",
                                    "right": "0",
                                    "bottom": "0",
                                    "left": "0",
                                    "isLinked": false
                                },
                                "pa_condition_repeater": [
                                    {
                                        "_id": "dcac3d0"
                                    }
                                ],
                                "height_mobile": {
                                    "unit": "px",
                                    "size": 250,
                                    "sizes": []
                                },
                                "_margin_tablet": {
                                    "unit": "px",
                                    "top": "0",
                                    "right": "0",
                                    "bottom": "0",
                                    "left": "0",
                                    "isLinked": true
                                },
                                "image": {
                                    "id": 91,
                                    "url": "http:\/\/templatekits.c-kav.com\/demo3\/vaya\/wp-content\/uploads\/sites\/14\/2022\/04\/placeholder.png"
                                }
                            },
                            "elements": [],
                            "isInner": false,
                            "widgetType": "theme-post-featured-image",
                            "elType": "widget"
                        }
                    ],
                    "isInner": false,
                    "elType": "column"
                }
            ],
            "isInner": false,
            "elType": "section"
        },
        {
            "id": "35987e19",
            "settings": {
                "gap": "no",
                "structure": "20",
                "padding": {
                    "unit": "px",
                    "top": "75",
                    "right": "0",
                    "bottom": "75",
                    "left": "0",
                    "isLinked": false
                },
                "pa_condition_repeater": [
                    {
                        "_id": "f7f5bc9"
                    }
                ],
                "padding_tablet": {
                    "unit": "px",
                    "top": "40",
                    "right": "40",
                    "bottom": "40",
                    "left": "40",
                    "isLinked": true
                },
                "padding_mobile": {
                    "unit": "px",
                    "top": "30",
                    "right": "30",
                    "bottom": "30",
                    "left": "30",
                    "isLinked": true
                }
            },
            "elements": [
                {
                    "id": "2eede308",
                    "settings": {
                        "_column_size": 50,
                        "_inline_size": 75,
                        "margin": {
                            "unit": "px",
                            "top": "0",
                            "right": "0",
                            "bottom": "0",
                            "left": "0",
                            "isLinked": false
                        },
                        "padding": {
                            "unit": "px",
                            "top": "0",
                            "right": "40",
                            "bottom": "0",
                            "left": "0",
                            "isLinked": false
                        },
                        "pa_condition_repeater": [
                            {
                                "_id": "21a06ab"
                            }
                        ],
                        "_inline_size_tablet": 100,
                        "padding_tablet": {
                            "unit": "px",
                            "top": "0",
                            "right": "0",
                            "bottom": "0",
                            "left": "0",
                            "isLinked": true
                        }
                    },
                    "elements": [
                        {
                            "id": "39e2bb1d",
                            "settings": {
                                "pa_condition_repeater": [
                                    {
                                        "_id": "b8a5f40"
                                    }
                                ]
                            },
                            "elements": [],
                            "isInner": false,
                            "widgetType": "theme-post-content",
                            "elType": "widget"
                        },
                        {
                            "id": "326bbb9",
                            "settings": {
                                "gap": "no",
                                "structure": "30",
                                "margin": {
                                    "unit": "px",
                                    "top": "40",
                                    "right": 0,
                                    "bottom": "40",
                                    "left": 0,
                                    "isLinked": false
                                },
                                "margin_mobile": {
                                    "unit": "px",
                                    "top": "0",
                                    "right": 0,
                                    "bottom": "0",
                                    "left": 0,
                                    "isLinked": true
                                },
                                "pa_condition_repeater": [
                                    {
                                        "_id": "06b2cd0"
                                    }
                                ]
                            },
                            "elements": [
                                {
                                    "id": "4b8af4c4",
                                    "settings": {
                                        "_column_size": 33,
                                        "_inline_size": null,
                                        "content_position": "center",
                                        "pa_condition_repeater": [
                                            {
                                                "_id": "b065373"
                                            }
                                        ]
                                    },
                                    "elements": [
                                        {
                                            "id": "6db6906b",
                                            "settings": {
                                                "text": "Divider",
                                                "gap": {
                                                    "unit": "px",
                                                    "size": 20,
                                                    "sizes": []
                                                },
                                                "gap_mobile": {
                                                    "unit": "px",
                                                    "size": 20,
                                                    "sizes": []
                                                },
                                                "__globals__": {
                                                    "color": "globals\/colors?id=1e81ec4"
                                                },
                                                "pa_condition_repeater": [
                                                    {
                                                        "_id": "dd2005d"
                                                    }
                                                ]
                                            },
                                            "elements": [],
                                            "isInner": false,
                                            "widgetType": "divider",
                                            "elType": "widget"
                                        }
                                    ],
                                    "isInner": true,
                                    "elType": "column"
                                },
                                {
                                    "id": "47bb9ed2",
                                    "settings": {
                                        "_column_size": 33,
                                        "_inline_size": null,
                                        "content_position": "center",
                                        "padding": {
                                            "unit": "px",
                                            "top": "10",
                                            "right": "10",
                                            "bottom": "10",
                                            "left": "10",
                                            "isLinked": true
                                        },
                                        "pa_condition_repeater": [
                                            {
                                                "_id": "f242733"
                                            }
                                        ]
                                    },
                                    "elements": [
                                        {
                                            "id": "5f2ce22c",
                                            "settings": {
                                                "social_icon_list": [
                                                    {
                                                        "social_icon": {
                                                            "value": "fab fa-facebook-f",
                                                            "library": "fa-brands"
                                                        },
                                                        "_id": "98c96b3"
                                                    },
                                                    {
                                                        "social_icon": {
                                                            "value": "fab fa-twitter",
                                                            "library": "fa-brands"
                                                        },
                                                        "_id": "fbbf619"
                                                    },
                                                    {
                                                        "social_icon": {
                                                            "value": "fab fa-pinterest-p",
                                                            "library": "fa-brands"
                                                        },
                                                        "_id": "e15890f"
                                                    },
                                                    {
                                                        "social_icon": {
                                                            "value": "fab fa-youtube",
                                                            "library": "fa-brands"
                                                        },
                                                        "_id": "5498032"
                                                    },
                                                    {
                                                        "social_icon": {
                                                            "value": "fab fa-instagram",
                                                            "library": "fa-brands"
                                                        },
                                                        "_id": "60bac6d"
                                                    }
                                                ],
                                                "shape": "square",
                                                "icon_color": "custom",
                                                "icon_primary_color": "#F7F7F7",
                                                "icon_size": {
                                                    "unit": "px",
                                                    "size": 14,
                                                    "sizes": []
                                                },
                                                "icon_padding": {
                                                    "unit": "em",
                                                    "size": 0.6,
                                                    "sizes": []
                                                },
                                                "icon_spacing": {
                                                    "unit": "px",
                                                    "size": 10,
                                                    "sizes": []
                                                },
                                                "__globals__": {
                                                    "icon_primary_color": "globals\/colors?id=1d7979f",
                                                    "icon_secondary_color": "globals\/colors?id=b8d1d84",
                                                    "hover_secondary_color": "globals\/colors?id=dc3f30f",
                                                    "hover_primary_color": "globals\/colors?id=b8d1d84"
                                                },
                                                "icon_spacing_mobile": {
                                                    "unit": "px",
                                                    "size": 5,
                                                    "sizes": []
                                                },
                                                "pa_condition_repeater": [
                                                    {
                                                        "_id": "7ddd24b"
                                                    }
                                                ],
                                                "_margin": {
                                                    "unit": "px",
                                                    "top": "0",
                                                    "right": "0",
                                                    "bottom": "0",
                                                    "left": "0",
                                                    "isLinked": false
                                                },
                                                "align_mobile": "center"
                                            },
                                            "elements": [],
                                            "isInner": false,
                                            "widgetType": "social-icons",
                                            "elType": "widget"
                                        }
                                    ],
                                    "isInner": true,
                                    "elType": "column"
                                },
                                {
                                    "id": "5cd6c96c",
                                    "settings": {
                                        "_column_size": 33,
                                        "_inline_size": null,
                                        "content_position": "center",
                                        "pa_condition_repeater": [
                                            {
                                                "_id": "dfc7eee"
                                            }
                                        ]
                                    },
                                    "elements": [
                                        {
                                            "id": "1c2d88de",
                                            "settings": {
                                                "text": "Divider",
                                                "gap": {
                                                    "unit": "px",
                                                    "size": 20,
                                                    "sizes": []
                                                },
                                                "gap_mobile": {
                                                    "unit": "px",
                                                    "size": 20,
                                                    "sizes": []
                                                },
                                                "__globals__": {
                                                    "color": "globals\/colors?id=1e81ec4"
                                                },
                                                "pa_condition_repeater": [
                                                    {
                                                        "_id": "dd2005d"
                                                    }
                                                ]
                                            },
                                            "elements": [],
                                            "isInner": false,
                                            "widgetType": "divider",
                                            "elType": "widget"
                                        }
                                    ],
                                    "isInner": true,
                                    "elType": "column"
                                }
                            ],
                            "isInner": true,
                            "elType": "section"
                        },
                        {
                            "id": "110ee8d2",
                            "settings": {
                                "author_name": "John Doe",
                                "show_link": "yes",
                                "author_bio": "Lorem ipsum dolor sit amet consectetur adipiscing elit dolor",
                                "link_text": "All Posts",
                                "layout": "above",
                                "alignment": "center",
                                "image_vertical_align": "top",
                                "image_size": {
                                    "unit": "px",
                                    "size": 50,
                                    "sizes": []
                                },
                                "image_gap": {
                                    "unit": "px",
                                    "size": 5,
                                    "sizes": []
                                },
                                "name_gap": {
                                    "unit": "px",
                                    "size": 10,
                                    "sizes": []
                                },
                                "bio_gap": {
                                    "unit": "px",
                                    "size": 10,
                                    "sizes": []
                                },
                                "button_border_width": {
                                    "unit": "px",
                                    "size": 0,
                                    "sizes": []
                                },
                                "button_text_padding": {
                                    "unit": "px",
                                    "top": "8",
                                    "right": "20",
                                    "bottom": "8",
                                    "left": "20",
                                    "isLinked": false
                                },
                                "_margin_mobile": {
                                    "unit": "px",
                                    "top": "0",
                                    "right": "0",
                                    "bottom": "0",
                                    "left": "0",
                                    "isLinked": true
                                },
                                "pa_condition_repeater": [
                                    {
                                        "_id": "00aeacc"
                                    }
                                ],
                                "__globals__": {
                                    "name_typography_typography": "globals\/typography?id=699f1be",
                                    "button_typography_typography": "globals\/typography?id=15eece8",
                                    "button_background_color": "globals\/colors?id=d1d99fd",
                                    "button_text_color": "globals\/colors?id=dc3f30f",
                                    "bio_typography_typography": "globals\/typography?id=d8106cd",
                                    "bio_color": "globals\/colors?id=f439c06"
                                },
                                "author_avatar": {
                                    "id": 92,
                                    "url": "http:\/\/templatekits.c-kav.com\/demo3\/vaya\/wp-content\/uploads\/sites\/14\/2022\/04\/placeholder-1.png"
                                }
                            },
                            "elements": [],
                            "isInner": false,
                            "widgetType": "author-box",
                            "elType": "widget"
                        },
                        {
                            "id": "e0c9d69",
                            "settings": {
                                "text": "Divider",
                                "gap": {
                                    "unit": "px",
                                    "size": 40,
                                    "sizes": []
                                },
                                "gap_mobile": {
                                    "unit": "px",
                                    "size": 20,
                                    "sizes": []
                                },
                                "__globals__": {
                                    "color": "globals\/colors?id=1e81ec4"
                                },
                                "pa_condition_repeater": [
                                    {
                                        "_id": "dd2005d"
                                    }
                                ]
                            },
                            "elements": [],
                            "isInner": false,
                            "widgetType": "divider",
                            "elType": "widget"
                        },
                        {
                            "id": "7d67ac90",
                            "settings": {
                                "pa_condition_repeater": [
                                    {
                                        "_id": "39f84da"
                                    }
                                ]
                            },
                            "elements": [],
                            "isInner": false,
                            "widgetType": "facebook-comments",
                            "elType": "widget"
                        }
                    ],
                    "isInner": false,
                    "elType": "column"
                },
                {
                    "id": "a5f50d8",
                    "settings": {
                        "_column_size": 50,
                        "_inline_size": 25,
                        "pa_condition_repeater": [
                            {
                                "_id": "ec120a0"
                            }
                        ],
                        "_inline_size_tablet": 100,
                        "padding_tablet": {
                            "unit": "px",
                            "top": "40",
                            "right": "0",
                            "bottom": "0",
                            "left": "0",
                            "isLinked": false
                        }
                    },
                    "elements": [
                        {
                            "id": "3f07498a",
                            "settings": {
                                "placeholder": "Search...",
                                "button_text": "Search",
                                "size": {
                                    "unit": "px",
                                    "size": 34,
                                    "sizes": []
                                },
                                "input_background_color": "#FFFFFF00",
                                "input_box_shadow_box_shadow_type": "yes",
                                "input_box_shadow_box_shadow": {
                                    "horizontal": 0,
                                    "vertical": 0,
                                    "blur": 0,
                                    "spread": 1,
                                    "color": "rgba(0, 0, 0, 0.1)"
                                },
                                "input_border_color_focus": "#FFFFFF00",
                                "button_border_width": {
                                    "unit": "px",
                                    "top": "0",
                                    "right": "0",
                                    "bottom": "0",
                                    "left": "0",
                                    "isLinked": true
                                },
                                "border_radius": {
                                    "unit": "px",
                                    "size": 0,
                                    "sizes": []
                                },
                                "icon_size": {
                                    "unit": "px",
                                    "size": 14,
                                    "sizes": []
                                },
                                "button_width": {
                                    "unit": "px",
                                    "size": 1.25,
                                    "sizes": []
                                },
                                "__globals__": {
                                    "button_background_color": "globals\/colors?id=1d7979f",
                                    "button_text_color": "globals\/colors?id=b8d1d84",
                                    "input_border_color": "globals\/colors?id=1e81ec4",
                                    "button_text_color_hover": "globals\/colors?id=dc3f30f",
                                    "button_background_color_hover": "globals\/colors?id=b8d1d84"
                                },
                                "_margin": {
                                    "unit": "px",
                                    "top": "0",
                                    "right": "0",
                                    "bottom": "40",
                                    "left": "0",
                                    "isLinked": false
                                },
                                "_element_width": "initial",
                                "_element_custom_width": {
                                    "unit": "px",
                                    "size": 350,
                                    "sizes": []
                                },
                                "_element_vertical_align": "center",
                                "pa_condition_repeater": [
                                    {
                                        "_id": "78e2860"
                                    }
                                ],
                                "_element_width_tablet": "inherit"
                            },
                            "elements": [],
                            "isInner": false,
                            "widgetType": "search-form",
                            "elType": "widget"
                        },
                        {
                            "id": "188b7e7b",
                            "settings": {
                                "social_icon_list": [
                                    {
                                        "social_icon": {
                                            "value": "fab fa-facebook-f",
                                            "library": "fa-brands"
                                        },
                                        "_id": "98c96b3"
                                    },
                                    {
                                        "social_icon": {
                                            "value": "fab fa-twitter",
                                            "library": "fa-brands"
                                        },
                                        "_id": "fbbf619"
                                    },
                                    {
                                        "social_icon": {
                                            "value": "fab fa-pinterest-p",
                                            "library": "fa-brands"
                                        },
                                        "_id": "e15890f"
                                    },
                                    {
                                        "social_icon": {
                                            "value": "fab fa-youtube",
                                            "library": "fa-brands"
                                        },
                                        "_id": "5498032"
                                    },
                                    {
                                        "social_icon": {
                                            "value": "fab fa-instagram",
                                            "library": "fa-brands"
                                        },
                                        "_id": "60bac6d"
                                    }
                                ],
                                "shape": "square",
                                "icon_color": "custom",
                                "icon_primary_color": "#F7F7F7",
                                "icon_size": {
                                    "unit": "px",
                                    "size": 14,
                                    "sizes": []
                                },
                                "icon_padding": {
                                    "unit": "em",
                                    "size": 0.6,
                                    "sizes": []
                                },
                                "icon_spacing": {
                                    "unit": "px",
                                    "size": 10,
                                    "sizes": []
                                },
                                "__globals__": {
                                    "icon_primary_color": "globals\/colors?id=1d7979f",
                                    "icon_secondary_color": "globals\/colors?id=b8d1d84",
                                    "hover_secondary_color": "globals\/colors?id=dc3f30f",
                                    "hover_primary_color": "globals\/colors?id=b8d1d84"
                                },
                                "icon_spacing_mobile": {
                                    "unit": "px",
                                    "size": 5,
                                    "sizes": []
                                },
                                "pa_condition_repeater": [
                                    {
                                        "_id": "7ddd24b"
                                    }
                                ],
                                "align": "left",
                                "_margin": {
                                    "unit": "px",
                                    "top": "0",
                                    "right": "0",
                                    "bottom": "0",
                                    "left": "0",
                                    "isLinked": false
                                },
                                "align_mobile": "center",
                                "align_tablet": "center"
                            },
                            "elements": [],
                            "isInner": false,
                            "widgetType": "social-icons",
                            "elType": "widget"
                        },
                        {
                            "id": "78c53c9",
                            "settings": {
                                "text": "Divider",
                                "gap": {
                                    "unit": "px",
                                    "size": 40,
                                    "sizes": []
                                },
                                "gap_mobile": {
                                    "unit": "px",
                                    "size": 20,
                                    "sizes": []
                                },
                                "__globals__": {
                                    "color": "globals\/colors?id=1e81ec4"
                                },
                                "pa_condition_repeater": [
                                    {
                                        "_id": "dd2005d"
                                    }
                                ]
                            },
                            "elements": [],
                            "isInner": false,
                            "widgetType": "divider",
                            "elType": "widget"
                        },
                        {
                            "id": "4a772147",
                            "settings": {
                                "title": "Recent Posts",
                                "align_mobile": "center",
                                "_margin": {
                                    "unit": "px",
                                    "top": "0",
                                    "right": "0",
                                    "bottom": "20",
                                    "left": "0",
                                    "isLinked": false
                                },
                                "pa_condition_repeater": [
                                    {
                                        "_id": "4a1bfc1"
                                    }
                                ],
                                "__globals__": {
                                    "typography_typography": "globals\/typography?id=6069114",
                                    "title_color": "globals\/colors?id=b8d1d84"
                                }
                            },
                            "elements": [],
                            "isInner": false,
                            "widgetType": "heading",
                            "elType": "widget"
                        },
                        {
                            "id": "26283033",
                            "settings": {
                                "classic_columns": "1",
                                "classic_posts_per_page": 4,
                                "classic_thumbnail": "left",
                                "classic_item_ratio": {
                                    "unit": "px",
                                    "size": 1,
                                    "sizes": []
                                },
                                "classic_image_width": {
                                    "unit": "px",
                                    "size": 70,
                                    "sizes": []
                                },
                                "classic_image_width_tablet": {
                                    "unit": "px",
                                    "size": "",
                                    "sizes": []
                                },
                                "classic_image_width_mobile": {
                                    "unit": "px",
                                    "size": 70,
                                    "sizes": []
                                },
                                "classic_show_excerpt": "",
                                "classic_meta_data": [
                                    "date"
                                ],
                                "classic_meta_separator": "\/\/\/",
                                "classic_show_read_more": "",
                                "classic_read_more_text": "Read More \u00bb",
                                "cards_meta_separator": "\u2022",
                                "cards_read_more_text": "Read More \u00bb",
                                "full_content_meta_separator": "\/\/\/",
                                "classic_row_gap": {
                                    "unit": "px",
                                    "size": 20,
                                    "sizes": []
                                },
                                "classic_image_spacing": {
                                    "unit": "px",
                                    "size": 15,
                                    "sizes": []
                                },
                                "classic_title_spacing": {
                                    "unit": "px",
                                    "size": 8,
                                    "sizes": []
                                },
                                "classic_meta_spacing": {
                                    "unit": "px",
                                    "size": 0,
                                    "sizes": []
                                },
                                "pagination_page_limit": "5",
                                "pagination_prev_label": "&laquo; Previous",
                                "pagination_next_label": "Next &raquo;",
                                "text": "Load More",
                                "load_more_no_posts_custom_message": "No more posts to show",
                                "pa_condition_repeater": [
                                    {
                                        "_id": "05f3495"
                                    }
                                ],
                                "__globals__": {
                                    "classic_title_typography_typography": "globals\/typography?id=f2e6b04",
                                    "classic_meta_color": "globals\/colors?id=f439c06"
                                },
                                "classic_item_ratio_mobile": {
                                    "unit": "px",
                                    "size": 1,
                                    "sizes": []
                                }
                            },
                            "elements": [],
                            "isInner": false,
                            "widgetType": "posts",
                            "elType": "widget"
                        },
                        {
                            "id": "747f9ed4",
                            "settings": {
                                "text": "Divider",
                                "gap": {
                                    "unit": "px",
                                    "size": 40,
                                    "sizes": []
                                },
                                "gap_mobile": {
                                    "unit": "px",
                                    "size": 20,
                                    "sizes": []
                                },
                                "__globals__": {
                                    "color": "globals\/colors?id=1e81ec4"
                                },
                                "pa_condition_repeater": [
                                    {
                                        "_id": "dd2005d"
                                    }
                                ]
                            },
                            "elements": [],
                            "isInner": false,
                            "widgetType": "divider",
                            "elType": "widget"
                        },
                        {
                            "id": "61b3abf0",
                            "settings": {
                                "icon_list": [
                                    {
                                        "text": " Flat 20% Discount",
                                        "selected_icon": {
                                            "value": "fas fa-tag",
                                            "library": "fa-solid"
                                        },
                                        "_id": "dd26b28"
                                    },
                                    {
                                        "text": " Women Special 70% Off",
                                        "selected_icon": {
                                            "value": "fas fa-chess-queen",
                                            "library": "fa-solid"
                                        },
                                        "_id": "899113d"
                                    },
                                    {
                                        "text": " Men Special 50% Off",
                                        "selected_icon": {
                                            "value": "fas fa-chess-king",
                                            "library": "fa-solid"
                                        },
                                        "_id": "529578e"
                                    },
                                    {
                                        "text": " Get Extra 15% Off",
                                        "selected_icon": {
                                            "value": "fas fa-dollar-sign",
                                            "library": "fa-solid"
                                        },
                                        "_id": "e2fc66e"
                                    },
                                    {
                                        "text": " Get Holiday Ready",
                                        "selected_icon": {
                                            "value": "fas fa-glass-martini-alt",
                                            "library": "fa-solid"
                                        },
                                        "_id": "e95aa13"
                                    },
                                    {
                                        "text": " New-In Clothing",
                                        "selected_icon": {
                                            "value": "fas fa-star",
                                            "library": "fa-solid"
                                        },
                                        "_id": "ae06204"
                                    }
                                ],
                                "space_between": {
                                    "unit": "px",
                                    "size": 40,
                                    "sizes": []
                                },
                                "icon_align": "left",
                                "icon_size": {
                                    "unit": "px",
                                    "size": 18,
                                    "sizes": []
                                },
                                "icon_self_align": "center",
                                "_padding": {
                                    "unit": "px",
                                    "top": "25",
                                    "right": "25",
                                    "bottom": "25",
                                    "left": "25",
                                    "isLinked": false
                                },
                                "_background_background": "classic",
                                "__globals__": {
                                    "_background_color": "globals\/colors?id=48cf1a2",
                                    "divider_color": "globals\/colors?id=1e81ec4",
                                    "text_color": "globals\/colors?id=dc3f30f",
                                    "icon_color": "globals\/colors?id=dc3f30f",
                                    "icon_typography_typography": "globals\/typography?id=699f1be"
                                },
                                "divider": "yes",
                                "text_indent": {
                                    "unit": "px",
                                    "size": 10,
                                    "sizes": []
                                },
                                "_margin": {
                                    "unit": "px",
                                    "top": "0",
                                    "right": "0",
                                    "bottom": "40",
                                    "left": "0",
                                    "isLinked": false
                                },
                                "pa_condition_repeater": [
                                    {
                                        "_id": "22922a3"
                                    }
                                ]
                            },
                            "elements": [],
                            "isInner": false,
                            "widgetType": "icon-list",
                            "elType": "widget"
                        },
                        {
                            "id": "4d32d0bd",
                            "settings": {
                                "title": "Don't miss the deals",
                                "header_size": "h3",
                                "_margin": {
                                    "unit": "px",
                                    "top": "0",
                                    "right": "0",
                                    "bottom": "10",
                                    "left": "0",
                                    "isLinked": false
                                },
                                "__globals__": {
                                    "typography_typography": "globals\/typography?id=6069114"
                                },
                                "pa_condition_repeater": [
                                    {
                                        "_id": "bd3a1a8"
                                    }
                                ],
                                "align_mobile": "center"
                            },
                            "elements": [],
                            "isInner": false,
                            "widgetType": "heading",
                            "elType": "widget"
                        },
                        {
                            "id": "7fa9bfc5",
                            "settings": {
                                "editor": "<p>Lorem ipsum dolor sit amet, consectetur adipiscing elit, sed do eiusmod tempor incididunt ut labore<\/p>",
                                "_margin": {
                                    "unit": "px",
                                    "top": "0",
                                    "right": "0",
                                    "bottom": "20",
                                    "left": "0",
                                    "isLinked": false
                                },
                                "pa_condition_repeater": [
                                    {
                                        "_id": "17e0734"
                                    }
                                ],
                                "align_mobile": "center"
                            },
                            "elements": [],
                            "isInner": false,
                            "widgetType": "text-editor",
                            "elType": "widget"
                        },
                        {
                            "id": "45dda44e",
                            "settings": {
                                "form_name": "New Form",
                                "form_fields": [
                                    {
                                        "custom_id": "name",
                                        "field_label": "Name",
                                        "placeholder": "Name",
                                        "_id": "e3ed562",
                                        "file_sizes": "",
                                        "file_types": "",
                                        "allow_multiple_upload": "",
                                        "max_files": "",
                                        "acceptance_text": "",
                                        "checked_by_default": "",
                                        "field_min": "",
                                        "field_max": "",
                                        "min_date": "",
                                        "max_date": "",
                                        "use_native_date": "",
                                        "use_native_time": "",
                                        "previous_button": "",
                                        "next_button": ""
                                    },
                                    {
                                        "custom_id": "email",
                                        "field_type": "email",
                                        "required": "true",
                                        "field_label": "Email",
                                        "placeholder": "Email",
                                        "_id": "3fcbbaf",
                                        "file_sizes": "",
                                        "file_types": "",
                                        "allow_multiple_upload": "",
                                        "max_files": "",
                                        "acceptance_text": "",
                                        "checked_by_default": "",
                                        "field_min": "",
                                        "field_max": "",
                                        "min_date": "",
                                        "max_date": "",
                                        "use_native_date": "",
                                        "use_native_time": "",
                                        "previous_button": "",
                                        "next_button": ""
                                    }
                                ],
                                "show_labels": "",
                                "button_text": "Subscribe now",
                                "button_width": "",
                                "selected_button_icon": {
                                    "value": "fas fa-long-arrow-alt-right",
                                    "library": "fa-solid"
                                },
                                "button_icon_align": "right",
                                "email_content": "[all-fields]",
                                "email_content_2": "[all-fields]",
                                "success_message": "The form was sent successfully.",
                                "error_message": "An error occured.",
                                "required_field_message": "This field is required.",
                                "invalid_message": "There's something wrong. The form is invalid.",
                                "step_next_label": "Next",
                                "step_previous_label": "Previous",
                                "__globals__": {
                                    "field_text_color": "",
                                    "field_typography_typography": "",
                                    "button_background_hover_color": "globals\/colors?id=b8d1d84",
                                    "field_border_color": "globals\/colors?id=abfa94c"
                                },
                                "field_typography_font_family": "Roboto",
                                "field_typography_font_size": {
                                    "unit": "px",
                                    "size": 20,
                                    "sizes": []
                                },
                                "field_typography_font_size_tablet": {
                                    "unit": "px",
                                    "size": 16,
                                    "sizes": []
                                },
                                "field_typography_font_size_mobile": {
                                    "unit": "px",
                                    "size": 16,
                                    "sizes": []
                                },
                                "field_typography_font_weight": "300",
                                "field_typography_text_transform": "none",
                                "field_typography_font_style": "normal",
                                "field_typography_text_decoration": "none",
                                "field_typography_line_height": {
                                    "unit": "em",
                                    "size": 1.6,
                                    "sizes": []
                                },
                                "button_background_hover_color": "#F57250",
                                "button_align": "start",
                                "pa_condition_repeater": [
                                    {
                                        "_id": "ffd7a0a"
                                    }
                                ],
                                "button_align_mobile": "center"
                            },
                            "elements": [],
                            "isInner": false,
                            "widgetType": "form",
                            "elType": "widget"
                        },
                        {
                            "id": "61aada18",
                            "settings": {
                                "text": "Divider",
                                "gap": {
                                    "unit": "px",
                                    "size": 40,
                                    "sizes": []
                                },
                                "gap_mobile": {
                                    "unit": "px",
                                    "size": 20,
                                    "sizes": []
                                },
                                "__globals__": {
                                    "color": "globals\/colors?id=1e81ec4"
                                },
                                "pa_condition_repeater": [
                                    {
                                        "_id": "dd2005d"
                                    }
                                ]
                            },
                            "elements": [],
                            "isInner": false,
                            "widgetType": "divider",
                            "elType": "widget"
                        },
                        {
                            "id": "1d17544b",
                            "settings": {
                                "_margin": {
                                    "unit": "px",
                                    "top": "0",
                                    "right": "0",
                                    "bottom": "40",
                                    "left": "0",
                                    "isLinked": false
                                },
                                "pa_condition_repeater": [
                                    {
                                        "_id": "6213cc3"
                                    }
                                ],
                                "_margin_mobile": {
                                    "unit": "px",
                                    "top": "0",
                                    "right": "0",
                                    "bottom": "0",
                                    "left": "0",
                                    "isLinked": true
                                },
                                "image": {
                                    "url": "http:\/\/templatekits.c-kav.com\/demo3\/vaya\/wp-content\/uploads\/sites\/14\/2022\/04\/banner-04.jpg",
                                    "id": 607,
                                    "alt": "",
                                    "source": "library"
                                }
                            },
                            "elements": [],
                            "isInner": false,
                            "widgetType": "image",
                            "elType": "widget"
                        }
                    ],
                    "isInner": false,
                    "elType": "column"
                }
            ],
            "isInner": false,
            "elType": "section"
        },
        {
            "id": "22293bc1",
            "settings": {
                "gap": "no",
                "background_background": "classic",
                "padding": {
                    "unit": "px",
                    "top": "30",
                    "right": "0",
                    "bottom": "30",
                    "left": "0",
                    "isLinked": false
                },
                "pa_condition_repeater": [
                    {
                        "_id": "748f4cb"
                    }
                ],
                "__globals__": {
                    "background_color": "globals\/colors?id=b8d1d84"
                },
                "padding_tablet": {
                    "unit": "px",
                    "top": "30",
                    "right": "30",
                    "bottom": "30",
                    "left": "30",
                    "isLinked": true
                },
                "padding_mobile": {
                    "unit": "px",
                    "top": "20",
                    "right": "20",
                    "bottom": "20",
                    "left": "20",
                    "isLinked": true
                }
            },
            "elements": [
                {
                    "id": "1d56355d",
                    "settings": {
                        "_column_size": 100,
                        "_inline_size": null,
                        "pa_condition_repeater": [
                            {
                                "_id": "19619b0"
                            }
                        ]
                    },
                    "elements": [
                        {
                            "id": "2b79288d",
                            "settings": {
                                "prev_label": "Previous",
                                "next_label": "Next",
                                "arrow_size": {
                                    "unit": "px",
                                    "size": 24,
                                    "sizes": []
                                },
                                "arrow_padding": {
                                    "unit": "px",
                                    "size": 20,
                                    "sizes": []
                                },
                                "pa_condition_repeater": [
                                    {
                                        "_id": "b3006f3"
                                    }
                                ],
                                "__globals__": {
                                    "label_color": "globals\/colors?id=d3b9c8a",
                                    "label_typography_typography": "globals\/typography?id=3f9e575",
                                    "title_typography_typography": "globals\/typography?id=699f1be",
                                    "text_color": "globals\/colors?id=dc3f30f",
                                    "arrow_color": "globals\/colors?id=d1d99fd",
                                    "sep_color": "globals\/colors?id=c9e9b74"
                                },
                                "arrow_size_mobile": {
                                    "unit": "px",
                                    "size": 25,
                                    "sizes": []
                                }
                            },
                            "elements": [],
                            "isInner": false,
                            "widgetType": "post-navigation",
                            "elType": "widget"
                        }
                    ],
                    "isInner": false,
                    "elType": "column"
                }
            ],
            "isInner": false,
            "elType": "section"
        },
        {
            "id": "4c87546a",
            "settings": {
                "background_background": "classic",
                "padding": {
                    "unit": "px",
                    "top": "75",
                    "right": "0",
                    "bottom": "75",
                    "left": "0",
                    "isLinked": false
                },
                "pa_condition_repeater": [
                    {
                        "_id": "243cbe6"
                    }
                ],
                "__globals__": {
                    "background_color": "globals\/colors?id=1d7979f"
                },
                "gap": "no",
                "padding_tablet": {
                    "unit": "px",
                    "top": "40",
                    "right": "40",
                    "bottom": "40",
                    "left": "40",
                    "isLinked": true
                },
                "padding_mobile": {
                    "unit": "px",
                    "top": "30",
                    "right": "30",
                    "bottom": "30",
                    "left": "30",
                    "isLinked": true
                }
            },
            "elements": [
                {
                    "id": "17d4a225",
                    "settings": {
                        "_column_size": 100,
                        "_inline_size": null,
                        "pa_condition_repeater": [
                            {
                                "_id": "94c32bc"
                            }
                        ],
                        "padding": {
                            "unit": "px",
                            "top": "0",
                            "right": "200",
                            "bottom": "0",
                            "left": "200",
                            "isLinked": false
                        },
                        "padding_tablet": {
                            "unit": "px",
                            "top": "0",
                            "right": "0",
                            "bottom": "0",
                            "left": "0",
                            "isLinked": true
                        }
                    },
                    "elements": [
                        {
                            "id": "22027539",
                            "settings": {
                                "title": "NEWSLETTER",
                                "header_size": "h5",
                                "pa_condition_repeater": [
                                    {
                                        "_id": "f4265fa"
                                    }
                                ],
                                "align": "center",
                                "_margin": {
                                    "unit": "px",
                                    "top": "0",
                                    "right": "0",
                                    "bottom": "5",
                                    "left": "0",
                                    "isLinked": false
                                },
                                "__globals__": {
                                    "typography_typography": "globals\/typography?id=3f9e575",
                                    "title_color": "globals\/colors?id=b8d1d84"
                                }
                            },
                            "elements": [],
                            "isInner": false,
                            "widgetType": "heading",
                            "elType": "widget"
                        },
                        {
                            "id": "5c1951ca",
                            "settings": {
                                "title": "Signup & Get 10 % Off",
                                "header_size": "h5",
                                "pa_condition_repeater": [
                                    {
                                        "_id": "f4265fa"
                                    }
                                ],
                                "align": "center",
                                "_margin": {
                                    "unit": "px",
                                    "top": "0",
                                    "right": "0",
                                    "bottom": "20",
                                    "left": "0",
                                    "isLinked": false
                                },
                                "__globals__": {
                                    "typography_typography": "globals\/typography?id=fac0cc3",
                                    "title_color": "globals\/colors?id=b8d1d84"
                                }
                            },
                            "elements": [],
                            "isInner": false,
                            "widgetType": "heading",
                            "elType": "widget"
                        },
                        {
                            "id": "56044737",
                            "settings": {
                                "align": "center",
                                "_margin": {
                                    "unit": "px",
                                    "top": "0",
                                    "right": "0",
                                    "bottom": "40",
                                    "left": "0",
                                    "isLinked": false
                                },
                                "pa_condition_repeater": [
                                    {
                                        "_id": "159ed93"
                                    }
                                ],
                                "__globals__": {
                                    "typography_typography": "globals\/typography?id=8ea6c3b",
                                    "text_color": "globals\/colors?id=b8d1d84"
                                },
                                "_margin_mobile": {
                                    "unit": "px",
                                    "top": "0",
                                    "right": "0",
                                    "bottom": "20",
                                    "left": "0",
                                    "isLinked": false
                                }
                            },
                            "elements": [],
                            "isInner": false,
                            "widgetType": "text-editor",
                            "elType": "widget"
                        },
                        {
                            "id": "55b6e4e9",
                            "settings": {
                                "form_name": "Newletter",
                                "form_fields": [
                                    {
                                        "custom_id": "email",
                                        "field_type": "email",
                                        "required": "true",
                                        "field_label": "Email",
                                        "placeholder": "Email",
                                        "_id": "3fcbbaf",
                                        "file_sizes": "",
                                        "file_types": "",
                                        "allow_multiple_upload": "",
                                        "max_files": "",
                                        "acceptance_text": "",
                                        "checked_by_default": "",
                                        "field_min": "",
                                        "field_max": "",
                                        "min_date": "",
                                        "max_date": "",
                                        "use_native_date": "",
                                        "use_native_time": "",
                                        "previous_button": "",
                                        "next_button": "",
                                        "width": "80",
                                        "width_mobile": "80"
                                    }
                                ],
                                "show_labels": "",
                                "button_text": "",
                                "button_width": "20",
                                "selected_button_icon": {
                                    "value": "fas fa-long-arrow-alt-right",
                                    "library": "fa-solid"
                                },
                                "button_icon_align": "right",
                                "email_content": "[all-fields]",
                                "email_content_2": "[all-fields]",
                                "success_message": "The form was sent successfully.",
                                "error_message": "An error occured.",
                                "required_field_message": "This field is required.",
                                "invalid_message": "There's something wrong. The form is invalid.",
                                "step_next_label": "Next",
                                "step_previous_label": "Previous",
                                "__globals__": {
                                    "field_text_color": "",
                                    "field_typography_typography": "globals\/typography?id=d8106cd",
                                    "button_background_hover_color": "globals\/colors?id=d1d99fd",
                                    "field_border_color": "globals\/colors?id=abfa94c",
                                    "button_typography_typography": ""
                                },
                                "field_typography_font_family": "Roboto",
                                "field_typography_font_size": {
                                    "unit": "px",
                                    "size": 15,
                                    "sizes": []
                                },
                                "field_typography_font_size_tablet": {
                                    "unit": "px",
                                    "size": 14,
                                    "sizes": []
                                },
                                "field_typography_font_size_mobile": {
                                    "unit": "px",
                                    "size": 14,
                                    "sizes": []
                                },
                                "field_typography_font_weight": "normal",
                                "field_typography_text_transform": "none",
                                "field_typography_font_style": "normal",
                                "field_typography_text_decoration": "none",
                                "field_typography_line_height": {
                                    "unit": "em",
                                    "size": 1.4,
                                    "sizes": []
                                },
                                "button_background_hover_color": "#51C6D3",
                                "row_gap": {
                                    "unit": "px",
                                    "size": 20,
                                    "sizes": []
                                },
                                "pa_condition_repeater": [
                                    {
                                        "_id": "21c7285"
                                    }
                                ],
                                "input_size": "md",
                                "button_size": "md",
                                "button_icon_indent": {
                                    "unit": "px",
                                    "size": 0,
                                    "sizes": []
                                },
                                "column_gap": {
                                    "unit": "px",
                                    "size": 0,
                                    "sizes": []
                                },
                                "field_typography_typography": "custom",
                                "field_typography_word_spacing": {
                                    "unit": "em",
                                    "size": "",
                                    "sizes": []
                                },
                                "field_border_color": "#0000001A",
                                "button_typography_typography": "custom",
                                "button_typography_font_family": "Nunito",
                                "button_typography_font_size": {
                                    "unit": "px",
                                    "size": 20,
                                    "sizes": []
                                },
                                "button_typography_font_size_tablet": {
                                    "unit": "px",
                                    "size": 14,
                                    "sizes": []
                                },
                                "button_typography_font_size_mobile": {
                                    "unit": "px",
                                    "size": 12,
                                    "sizes": []
                                },
                                "button_typography_font_weight": "bold",
                                "button_typography_text_transform": "uppercase",
                                "button_typography_font_style": "normal",
                                "button_typography_text_decoration": "none",
                                "button_typography_line_height": {
                                    "unit": "em",
                                    "size": 1,
                                    "sizes": []
                                },
                                "button_typography_line_height_mobile": {
                                    "unit": "em",
                                    "size": 1.2,
                                    "sizes": []
                                },
                                "button_typography_letter_spacing": {
                                    "unit": "px",
                                    "size": 0.5,
                                    "sizes": []
                                },
                                "button_typography_word_spacing": {
                                    "unit": "em",
                                    "size": "",
                                    "sizes": []
                                },
                                "_padding": {
                                    "unit": "px",
                                    "top": "0",
                                    "right": "75",
                                    "bottom": "0",
                                    "left": "75",
                                    "isLinked": false
                                },
                                "button_width_mobile": "20",
                                "button_align_mobile": "stretch",
                                "_padding_mobile": {
                                    "unit": "px",
                                    "top": "0",
                                    "right": "0",
                                    "bottom": "0",
                                    "left": "0",
                                    "isLinked": true
                                }
                            },
                            "elements": [],
                            "isInner": false,
                            "widgetType": "form",
                            "elType": "widget"
                        }
                    ],
                    "isInner": false,
                    "elType": "column"
                }
            ],
            "isInner": false,
            "elType": "section"
        }
    ]
}