{
    "version": "0.4",
    "title": "Vaya &#8211; Product single &#8211; 01",
    "type": "product",
    "metadata": {
        "template_type": "single-product",
        "include_in_zip": "1",
        "elementor_pro_required": "1",
        "elementor_library_type": "product",
        "elementor_pro_conditions": [
            "exclude\/product\/in_product_tag\/28",
            "exclude\/product\/in_product_tag\/35",
            "include\/product"
        ],
        "additional_template_information": [
            "This is a \"Product\" template for Elementor Pro.",
            "This template will display on: Products."
        ],
        "wp_page_template": "default"
    },
    "content": [
        {
            "id": "76e5cbff",
            "settings": {
                "gap": "no",
                "background_background": "classic",
                "padding": {
                    "unit": "px",
                    "top": "50",
                    "right": "0",
                    "bottom": "50",
                    "left": "0",
                    "isLinked": false
                },
                "__globals__": {
                    "background_color": "globals\/colors?id=294b8d4"
                },
                "padding_tablet": {
                    "unit": "px",
                    "top": "40",
                    "right": "40",
                    "bottom": "40",
                    "left": "40",
                    "isLinked": true
                },
                "pa_condition_repeater": [
                    {
                        "_id": "4e9621a"
                    }
                ],
                "padding_mobile": {
                    "unit": "px",
                    "top": "30",
                    "right": "30",
                    "bottom": "30",
                    "left": "30",
                    "isLinked": true
                }
            },
            "elements": [
                {
                    "id": "4709e9fd",
                    "settings": {
                        "_column_size": 100,
                        "_inline_size": null,
                        "padding": {
                            "unit": "%",
                            "top": "0",
                            "right": "20",
                            "bottom": "0",
                            "left": "20",
                            "isLinked": false
                        },
                        "padding_tablet": {
                            "unit": "px",
                            "top": "0",
                            "right": "0",
                            "bottom": "0",
                            "left": "0",
                            "isLinked": true
                        },
                        "pa_condition_repeater": [
                            {
                                "_id": "81098e3"
                            }
                        ]
                    },
                    "elements": [
                        {
                            "id": "181b24ba",
                            "settings": {
                                "title": "Shop",
                                "align": "center",
                                "_margin": {
                                    "unit": "px",
                                    "top": "0",
                                    "right": "0",
                                    "bottom": "20",
                                    "left": "0",
                                    "isLinked": false
                                },
                                "__globals__": {
                                    "title_color": "globals\/colors?id=dc3f30f",
                                    "typography_typography": "globals\/typography?id=86a5954"
                                },
                                "pa_condition_repeater": [
                                    {
                                        "_id": "804a547"
                                    }
                                ],
                                "__dynamic__": {
                                    "title": "[elementor-tag id=\"658fa32\" name=\"woocommerce-product-title-tag\" settings=\"%7B%7D\"]"
                                }
                            },
                            "elements": [],
                            "isInner": false,
                            "widgetType": "heading",
                            "elType": "widget"
                        },
                        {
                            "id": "770f40ef",
                            "settings": {
                                "alignment": "center",
                                "pa_condition_repeater": [
                                    {
                                        "_id": "cca1e90"
                                    }
                                ],
                                "__globals__": {
                                    "text_color": "globals\/colors?id=d3b9c8a",
                                    "link_color": "globals\/colors?id=d3b9c8a",
                                    "text_typography_typography": "globals\/typography?id=d8106cd"
                                },
                                "_margin": {
                                    "unit": "px",
                                    "top": "0",
                                    "right": "0",
                                    "bottom": "0",
                                    "left": "0",
                                    "isLinked": true
                                }
                            },
                            "elements": [],
                            "isInner": false,
                            "widgetType": "woocommerce-breadcrumb",
                            "elType": "widget"
                        }
                    ],
                    "isInner": false,
                    "elType": "column"
                }
            ],
            "isInner": false,
            "elType": "section"
        },
        {
            "id": "2579593f",
            "settings": {
                "gap": "no",
                "structure": "20",
                "padding": {
                    "unit": "px",
                    "top": "75",
                    "right": "0",
                    "bottom": "0",
                    "left": "0",
                    "isLinked": false
                },
                "pa_condition_repeater": [
                    {
                        "_id": "61d8cdd"
                    }
                ]
            },
            "elements": [
                {
                    "id": "61201ea0",
                    "settings": {
                        "_column_size": 50,
                        "_inline_size": 60,
                        "padding": {
                            "unit": "px",
                            "top": "0",
                            "right": "75",
                            "bottom": "0",
                            "left": "0",
                            "isLinked": false
                        },
                        "pa_condition_repeater": [
                            {
                                "_id": "8cb1f04"
                            }
                        ]
                    },
                    "elements": [
                        {
                            "id": "6918cdc2",
                            "settings": {
                                "pa_condition_repeater": [
                                    {
                                        "_id": "e64f612"
                                    }
                                ],
                                "spacing": {
                                    "unit": "px",
                                    "size": 10,
                                    "sizes": []
                                },
                                "spacing_thumbs": {
                                    "unit": "px",
                                    "size": 10,
                                    "sizes": []
                                },
                                "sale_flash": "",
                                "__globals__": {
                                    "_background_color": ""
                                }
                            },
                            "elements": [],
                            "isInner": false,
                            "widgetType": "woocommerce-product-images",
                            "elType": "widget"
                        },
                        {
                            "id": "394d0d24",
                            "settings": {
                                "social_icon_list": [
                                    {
                                        "social_icon": {
                                            "value": "fab fa-facebook-f",
                                            "library": "fa-brands"
                                        },
                                        "_id": "2dbb1b8"
                                    },
                                    {
                                        "social_icon": {
                                            "value": "fab fa-twitter",
                                            "library": "fa-brands"
                                        },
                                        "_id": "5c9cd27"
                                    },
                                    {
                                        "social_icon": {
                                            "value": "fab fa-pinterest-p",
                                            "library": "fa-brands"
                                        },
                                        "_id": "d089634"
                                    },
                                    {
                                        "social_icon": {
                                            "value": "fab fa-youtube",
                                            "library": "fa-brands"
                                        },
                                        "_id": "5d41daf"
                                    }
                                ],
                                "shape": "square",
                                "align": "left",
                                "icon_color": "custom",
                                "icon_size": {
                                    "unit": "px",
                                    "size": 16,
                                    "sizes": []
                                },
                                "icon_padding": {
                                    "unit": "em",
                                    "size": 0.5,
                                    "sizes": []
                                },
                                "icon_spacing": {
                                    "unit": "px",
                                    "size": 10,
                                    "sizes": []
                                },
                                "pa_condition_repeater": [
                                    {
                                        "_id": "40c1d39"
                                    }
                                ],
                                "__globals__": {
                                    "icon_secondary_color": "globals\/colors?id=f439c06",
                                    "icon_primary_color": "globals\/colors?id=1d7979f"
                                }
                            },
                            "elements": [],
                            "isInner": false,
                            "widgetType": "social-icons",
                            "elType": "widget"
                        }
                    ],
                    "isInner": false,
                    "elType": "column"
                },
                {
                    "id": "c71327c",
                    "settings": {
                        "_column_size": 50,
                        "_inline_size": 40,
                        "pa_condition_repeater": [
                            {
                                "_id": "c377de4"
                            }
                        ],
                        "padding": {
                            "unit": "px",
                            "top": "0",
                            "right": "0",
                            "bottom": "0",
                            "left": "0",
                            "isLinked": false
                        }
                    },
                    "elements": [
                        {
                            "id": "550dc04a",
                            "settings": {
                                "pa_condition_repeater": [
                                    {
                                        "_id": "5129482"
                                    }
                                ],
                                "__globals__": {
                                    "typography_typography": "globals\/typography?id=fac0cc3",
                                    "price_color": "globals\/colors?id=b8d1d84",
                                    "sale_price_typography_typography": "globals\/typography?id=fac0cc3"
                                },
                                "_margin": {
                                    "unit": "px",
                                    "top": "0",
                                    "right": "0",
                                    "bottom": "10",
                                    "left": "0",
                                    "isLinked": false
                                }
                            },
                            "elements": [],
                            "isInner": false,
                            "widgetType": "woocommerce-product-price",
                            "elType": "widget"
                        },
                        {
                            "id": "694509b3",
                            "settings": {
                                "pa_condition_repeater": [
                                    {
                                        "_id": "7a70e0d"
                                    }
                                ],
                                "star_size": {
                                    "unit": "em",
                                    "size": 1.25,
                                    "sizes": []
                                },
                                "space_between": {
                                    "unit": "px",
                                    "size": 10,
                                    "sizes": []
                                },
                                "__globals__": {
                                    "star_color": "globals\/colors?id=48cf1a2",
                                    "empty_star_color": "globals\/colors?id=1d7979f",
                                    "text_typography_typography": "globals\/typography?id=d8106cd",
                                    "link_color": "globals\/colors?id=f439c06"
                                },
                                "_margin": {
                                    "unit": "px",
                                    "top": "0",
                                    "right": "0",
                                    "bottom": "20",
                                    "left": "0",
                                    "isLinked": false
                                }
                            },
                            "elements": [],
                            "isInner": false,
                            "widgetType": "woocommerce-product-rating",
                            "elType": "widget"
                        },
                        {
                            "id": "46733247",
                            "settings": {
                                "selected_icon": {
                                    "value": "fas fa-truck",
                                    "library": "fa-solid"
                                },
                                "title_text": "Free standard delivery on orders over $100",
                                "description_text": "",
                                "position": "left",
                                "title_size": "div",
                                "icon_space": {
                                    "unit": "px",
                                    "size": 20,
                                    "sizes": []
                                },
                                "icon_size": {
                                    "unit": "px",
                                    "size": 20,
                                    "sizes": []
                                },
                                "content_vertical_alignment": "middle",
                                "_margin": {
                                    "unit": "px",
                                    "top": "0",
                                    "right": "0",
                                    "bottom": "10",
                                    "left": "0",
                                    "isLinked": false
                                },
                                "_padding": {
                                    "unit": "px",
                                    "top": "12",
                                    "right": "20",
                                    "bottom": "12",
                                    "left": "20",
                                    "isLinked": false
                                },
                                "pa_condition_repeater": [
                                    {
                                        "_id": "5efdb00"
                                    }
                                ],
                                "_background_background": "classic",
                                "__globals__": {
                                    "title_typography_typography": "globals\/typography?id=699f1be",
                                    "title_color": "globals\/colors?id=dc3f30f",
                                    "_background_color": "globals\/colors?id=b8d1d84",
                                    "primary_color": "globals\/colors?id=dc3f30f"
                                }
                            },
                            "elements": [],
                            "isInner": false,
                            "widgetType": "icon-box",
                            "elType": "widget"
                        },
                        {
                            "id": "7d27f9e8",
                            "settings": {
                                "title": "View delivery & returns options",
                                "link": {
                                    "url": "#",
                                    "is_external": "",
                                    "nofollow": "",
                                    "custom_attributes": ""
                                },
                                "header_size": "p",
                                "_margin": {
                                    "unit": "px",
                                    "top": "0",
                                    "right": "0",
                                    "bottom": "25",
                                    "left": "0",
                                    "isLinked": false
                                },
                                "pa_condition_repeater": [
                                    {
                                        "_id": "788d59b"
                                    }
                                ],
                                "__globals__": {
                                    "title_color": "globals\/colors?id=b8d1d84",
                                    "typography_typography": "globals\/typography?id=f2e6b04"
                                }
                            },
                            "elements": [],
                            "isInner": false,
                            "widgetType": "heading",
                            "elType": "widget"
                        },
                        {
                            "id": "21ad38f2",
                            "settings": {
                                "_margin": {
                                    "unit": "px",
                                    "top": "0",
                                    "right": "0",
                                    "bottom": "0",
                                    "left": "0",
                                    "isLinked": false
                                },
                                "pa_condition_repeater": [
                                    {
                                        "_id": "c92bd91"
                                    }
                                ]
                            },
                            "elements": [],
                            "isInner": false,
                            "widgetType": "woocommerce-product-short-description",
                            "elType": "widget"
                        },
                        {
                            "id": "44c30e3c",
                            "settings": {
                                "text": "Divider",
                                "color": "rgba(0, 0, 0, 0.1)",
                                "gap": {
                                    "unit": "px",
                                    "size": 20,
                                    "sizes": []
                                },
                                "gap_mobile": {
                                    "unit": "px",
                                    "size": 20,
                                    "sizes": []
                                },
                                "pa_condition_repeater": [
                                    {
                                        "_id": "08ed574"
                                    }
                                ]
                            },
                            "elements": [],
                            "isInner": false,
                            "widgetType": "divider",
                            "elType": "widget"
                        },
                        {
                            "id": "6803fe48",
                            "settings": {
                                "button_border_radius": {
                                    "unit": "px",
                                    "top": "0",
                                    "right": "0",
                                    "bottom": "0",
                                    "left": "0",
                                    "isLinked": false
                                },
                                "button_padding": {
                                    "unit": "px",
                                    "top": "12",
                                    "right": "25",
                                    "bottom": "12",
                                    "left": "25",
                                    "isLinked": false
                                },
                                "quantity_border_border": "solid",
                                "quantity_border_width": {
                                    "unit": "px",
                                    "top": "1",
                                    "right": "1",
                                    "bottom": "1",
                                    "left": "1",
                                    "isLinked": true
                                },
                                "quantity_padding": {
                                    "unit": "px",
                                    "top": "5",
                                    "right": "5",
                                    "bottom": "5",
                                    "left": "5",
                                    "isLinked": true
                                },
                                "pa_condition_repeater": [
                                    {
                                        "_id": "c6544fe"
                                    }
                                ],
                                "__globals__": {
                                    "button_typography_typography": "globals\/typography?id=15eece8",
                                    "button_bg_color": "globals\/colors?id=d1d99fd",
                                    "button_bg_color_hover": "globals\/colors?id=b8d1d84",
                                    "quantity_typography_typography": "globals\/typography?id=d8106cd",
                                    "quantity_border_color": "globals\/colors?id=abfa94c",
                                    "variations_label_typography_typography": "globals\/typography?id=d8106cd",
                                    "variations_label_color_focus": "globals\/colors?id=f439c06",
                                    "variations_select_border_color": "globals\/colors?id=abfa94c",
                                    "variations_select_typography_typography": "globals\/typography?id=d8106cd",
                                    "variations_select_bg_color": ""
                                },
                                "variations_space_between": {
                                    "unit": "px",
                                    "size": 20,
                                    "sizes": []
                                },
                                "button_typography_typography": "custom",
                                "button_typography_font_family": "Poppins",
                                "button_typography_font_size": {
                                    "unit": "px",
                                    "size": 13,
                                    "sizes": []
                                },
                                "button_typography_font_size_tablet": {
                                    "unit": "px",
                                    "size": 14,
                                    "sizes": []
                                },
                                "button_typography_font_weight": "600",
                                "button_typography_text_transform": "uppercase",
                                "button_typography_font_style": "normal",
                                "button_typography_text_decoration": "none",
                                "button_typography_line_height": {
                                    "unit": "em",
                                    "size": 1,
                                    "sizes": []
                                },
                                "button_typography_line_height_mobile": {
                                    "unit": "em",
                                    "size": 1.2,
                                    "sizes": []
                                },
                                "button_typography_letter_spacing": {
                                    "unit": "px",
                                    "size": 1,
                                    "sizes": []
                                },
                                "button_typography_word_spacing": {
                                    "unit": "em",
                                    "size": "",
                                    "sizes": []
                                },
                                "button_bg_color": "#51C6D3",
                                "button_bg_color_hover": "#3D484A",
                                "quantity_typography_typography": "custom",
                                "quantity_typography_font_family": "Roboto",
                                "quantity_typography_font_size": {
                                    "unit": "px",
                                    "size": 15,
                                    "sizes": []
                                },
                                "quantity_typography_font_size_tablet": {
                                    "unit": "px",
                                    "size": 14,
                                    "sizes": []
                                },
                                "quantity_typography_font_size_mobile": {
                                    "unit": "px",
                                    "size": 14,
                                    "sizes": []
                                },
                                "quantity_typography_font_weight": "normal",
                                "quantity_typography_text_transform": "none",
                                "quantity_typography_font_style": "normal",
                                "quantity_typography_text_decoration": "none",
                                "quantity_typography_line_height": {
                                    "unit": "em",
                                    "size": 1.4,
                                    "sizes": []
                                },
                                "quantity_typography_word_spacing": {
                                    "unit": "em",
                                    "size": "",
                                    "sizes": []
                                },
                                "quantity_border_color": "#0000001A",
                                "variations_spacing": {
                                    "unit": "px",
                                    "size": 20,
                                    "sizes": []
                                },
                                "variations_label_color_focus": "#828282",
                                "variations_select_border_color": "#0000001A"
                            },
                            "elements": [],
                            "isInner": false,
                            "widgetType": "woocommerce-product-add-to-cart",
                            "elType": "widget"
                        },
                        {
                            "id": "77809192",
                            "settings": {
                                "text": "Divider",
                                "color": "rgba(0, 0, 0, 0.1)",
                                "gap": {
                                    "unit": "px",
                                    "size": 20,
                                    "sizes": []
                                },
                                "gap_mobile": {
                                    "unit": "px",
                                    "size": 20,
                                    "sizes": []
                                },
                                "pa_condition_repeater": [
                                    {
                                        "_id": "08ed574"
                                    }
                                ]
                            },
                            "elements": [],
                            "isInner": false,
                            "widgetType": "divider",
                            "elType": "widget"
                        },
                        {
                            "id": "49e3ec02",
                            "settings": {
                                "view": "table",
                                "space_between": {
                                    "unit": "px",
                                    "size": 10,
                                    "sizes": []
                                },
                                "pa_condition_repeater": [
                                    {
                                        "_id": "c99ac75"
                                    }
                                ],
                                "__globals__": {
                                    "text_color": "globals\/colors?id=b8d1d84",
                                    "text_typography_typography": "globals\/typography?id=d8106cd",
                                    "link_typography_typography": "globals\/typography?id=d8106cd",
                                    "link_color": "globals\/colors?id=f439c06"
                                }
                            },
                            "elements": [],
                            "isInner": false,
                            "widgetType": "woocommerce-product-meta",
                            "elType": "widget"
                        },
                        {
                            "id": "77a394d7",
                            "settings": {
                                "text": "Divider",
                                "color": "rgba(0, 0, 0, 0.1)",
                                "gap": {
                                    "unit": "px",
                                    "size": 20,
                                    "sizes": []
                                },
                                "gap_mobile": {
                                    "unit": "px",
                                    "size": 20,
                                    "sizes": []
                                },
                                "pa_condition_repeater": [
                                    {
                                        "_id": "08ed574"
                                    }
                                ]
                            },
                            "elements": [],
                            "isInner": false,
                            "widgetType": "divider",
                            "elType": "widget"
                        },
                        {
                            "id": "dbb1812",
                            "settings": {
                                "title": "Discover more...",
                                "header_size": "h5",
                                "_margin": {
                                    "unit": "px",
                                    "top": "0",
                                    "right": "0",
                                    "bottom": "15",
                                    "left": "0",
                                    "isLinked": false
                                },
                                "pa_condition_repeater": [
                                    {
                                        "_id": "2b9492c"
                                    }
                                ],
                                "__globals__": {
                                    "typography_typography": "globals\/typography?id=699f1be"
                                }
                            },
                            "elements": [],
                            "isInner": false,
                            "widgetType": "heading",
                            "elType": "widget"
                        },
                        {
                            "id": "171ea8a",
                            "settings": {
                                "width_pattern": "6,3,3",
                                "height_pattern": "6,3,3",
                                "products_numbers": 3,
                                "total_carousel_products": 6,
                                "query_type": "custom",
                                "tags": [
                                    "women"
                                ],
                                "empty_products_msg": "No products were found for this query.",
                                "prev_string": "\u00ab Previous",
                                "next_string": "Next \u00bb",
                                "grid_1_product_structure": [
                                    {
                                        "product_segment": "title",
                                        "_id": "dc8663e"
                                    },
                                    {
                                        "product_segment": "price",
                                        "_id": "68d8894"
                                    }
                                ],
                                "grid_1_quick_view": "",
                                "grid_2_product_structure": [
                                    {
                                        "product_segment": "title",
                                        "_id": "8aa7408"
                                    },
                                    {
                                        "product_segment": "category",
                                        "_id": "d0541ff"
                                    },
                                    {
                                        "product_segment": "ratings",
                                        "_id": "eefad96"
                                    },
                                    {
                                        "product_segment": "price",
                                        "_id": "ac86a32"
                                    }
                                ],
                                "grid_3_product_structure": [
                                    {
                                        "product_segment": "title",
                                        "_id": "35e948e"
                                    },
                                    {
                                        "product_segment": "category",
                                        "_id": "24f13b7"
                                    },
                                    {
                                        "product_segment": "ratings",
                                        "_id": "d2be178"
                                    },
                                    {
                                        "product_segment": "price",
                                        "_id": "d9691e5"
                                    },
                                    {
                                        "product_segment": "cta",
                                        "_id": "e46d8bd"
                                    }
                                ],
                                "grid_4_product_structure": [
                                    {
                                        "product_segment": "title",
                                        "_id": "64643ab"
                                    },
                                    {
                                        "product_segment": "category",
                                        "_id": "b033dc6"
                                    },
                                    {
                                        "product_segment": "ratings",
                                        "_id": "9b585e9"
                                    },
                                    {
                                        "product_segment": "price",
                                        "_id": "775a78b"
                                    },
                                    {
                                        "product_segment": "cta",
                                        "_id": "e5a0ec1"
                                    }
                                ],
                                "sale": "",
                                "sale_string": "[value]%",
                                "featured_string": "Hot",
                                "sold_out_string": "Out Of Stock",
                                "rows_spacing": {
                                    "unit": "px",
                                    "size": 0,
                                    "sizes": []
                                },
                                "columns_spacing": {
                                    "unit": "px",
                                    "size": 15,
                                    "sizes": []
                                },
                                "hover_style": "",
                                "grid_1_content_padding": {
                                    "unit": "px",
                                    "top": "0",
                                    "right": "0",
                                    "bottom": "0",
                                    "left": "0",
                                    "isLinked": true
                                },
                                "grid_1_cta_padding": {
                                    "unit": "px",
                                    "top": "0",
                                    "right": "0",
                                    "bottom": "0",
                                    "left": "0",
                                    "isLinked": true
                                },
                                "grid_1_price_spacing": {
                                    "unit": "px",
                                    "top": "0",
                                    "right": "0",
                                    "bottom": "0",
                                    "left": "0",
                                    "isLinked": true
                                },
                                "_margin": {
                                    "unit": "px",
                                    "top": "0",
                                    "right": "0",
                                    "bottom": "0",
                                    "left": "0",
                                    "isLinked": false
                                },
                                "pa_condition_repeater": [
                                    {
                                        "_id": "be3ae85"
                                    }
                                ],
                                "__globals__": {
                                    "grid_1_title_color": "globals\/colors?id=b8d1d84",
                                    "grid_1_title_typography_typography": "globals\/typography?id=f2e6b04",
                                    "grid_1_price_typography_typography": "globals\/typography?id=2ee5e62",
                                    "grid_1_price_color": "globals\/colors?id=f439c06"
                                }
                            },
                            "elements": [],
                            "isInner": false,
                            "widgetType": "premium-woo-products",
                            "elType": "widget"
                        }
                    ],
                    "isInner": false,
                    "elType": "column"
                }
            ],
            "isInner": false,
            "elType": "section"
        },
        {
            "id": "29fcd85d",
            "settings": {
                "gap": "no",
                "background_background": "classic",
                "padding": {
                    "unit": "px",
                    "top": "0",
                    "right": "0",
                    "bottom": "75",
                    "left": "0",
                    "isLinked": false
                },
                "pa_condition_repeater": [
                    {
                        "_id": "2173c9f"
                    }
                ],
                "__globals__": {
                    "background_color": ""
                }
            },
            "elements": [
                {
                    "id": "cb48ef8",
                    "settings": {
                        "_column_size": 100,
                        "_inline_size": null,
                        "pa_condition_repeater": [
                            {
                                "_id": "df93a43"
                            }
                        ]
                    },
                    "elements": [
                        {
                            "id": "203a842f",
                            "settings": {
                                "text": "Divider",
                                "color": "rgba(0, 0, 0, 0.1)",
                                "gap": {
                                    "unit": "px",
                                    "size": 75,
                                    "sizes": []
                                },
                                "gap_mobile": {
                                    "unit": "px",
                                    "size": 20,
                                    "sizes": []
                                },
                                "pa_condition_repeater": [
                                    {
                                        "_id": "08ed574"
                                    }
                                ]
                            },
                            "elements": [],
                            "isInner": false,
                            "widgetType": "divider",
                            "elType": "widget"
                        },
                        {
                            "id": "79f0bb30",
                            "settings": {
                                "tabs_border_color": "#0000001A",
                                "active_tabs_border_color": "#0000001A",
                                "tab_border_radius": {
                                    "unit": "px",
                                    "size": 0,
                                    "sizes": []
                                },
                                "content_typography_typography": "custom",
                                "content_typography_font_family": "Roboto",
                                "content_typography_font_size": {
                                    "unit": "px",
                                    "size": 15,
                                    "sizes": []
                                },
                                "content_typography_font_size_tablet": {
                                    "unit": "px",
                                    "size": 14,
                                    "sizes": []
                                },
                                "content_typography_font_size_mobile": {
                                    "unit": "px",
                                    "size": 14,
                                    "sizes": []
                                },
                                "content_typography_font_weight": "normal",
                                "content_typography_text_transform": "none",
                                "content_typography_font_style": "normal",
                                "content_typography_text_decoration": "none",
                                "content_typography_line_height": {
                                    "unit": "em",
                                    "size": 1.4,
                                    "sizes": []
                                },
                                "content_typography_word_spacing": {
                                    "unit": "em",
                                    "size": "",
                                    "sizes": []
                                },
                                "content_heading_typography_typography": "custom",
                                "content_heading_typography_font_family": "Poppins",
                                "content_heading_typography_font_size": {
                                    "unit": "px",
                                    "size": 22,
                                    "sizes": []
                                },
                                "content_heading_typography_font_size_tablet": {
                                    "unit": "px",
                                    "size": 22,
                                    "sizes": []
                                },
                                "content_heading_typography_font_size_mobile": {
                                    "unit": "px",
                                    "size": 20,
                                    "sizes": []
                                },
                                "content_heading_typography_font_weight": "600",
                                "content_heading_typography_text_transform": "none",
                                "content_heading_typography_font_style": "normal",
                                "content_heading_typography_text_decoration": "none",
                                "content_heading_typography_line_height": {
                                    "unit": "em",
                                    "size": 1.3,
                                    "sizes": []
                                },
                                "content_heading_typography_letter_spacing": {
                                    "unit": "px",
                                    "size": 0,
                                    "sizes": []
                                },
                                "content_heading_typography_word_spacing": {
                                    "unit": "em",
                                    "size": "",
                                    "sizes": []
                                },
                                "panel_border_width": {
                                    "unit": "px",
                                    "top": "1",
                                    "right": "1",
                                    "bottom": "1",
                                    "left": "1",
                                    "isLinked": true
                                },
                                "pa_condition_repeater": [
                                    {
                                        "_id": "02b1cc8"
                                    }
                                ],
                                "__globals__": {
                                    "tabs_border_color": "globals\/colors?id=abfa94c",
                                    "tab_bg_color": "globals\/colors?id=1d7979f",
                                    "content_typography_typography": "globals\/typography?id=d8106cd",
                                    "active_tab_bg_color": "globals\/colors?id=dc3f30f",
                                    "tab_typography_typography": "globals\/typography?id=15eece8",
                                    "content_heading_typography_typography": "globals\/typography?id=6069114",
                                    "active_tabs_border_color": "globals\/colors?id=abfa94c",
                                    "tab_text_color": "globals\/colors?id=f439c06",
                                    "active_tab_text_color": "globals\/colors?id=b8d1d84"
                                },
                                "__dynamic__": [],
                                "tab_bg_color": "#FFFFFF",
                                "tab_typography_typography": "custom",
                                "tab_typography_font_family": "Poppins",
                                "tab_typography_font_size": {
                                    "unit": "px",
                                    "size": 13,
                                    "sizes": []
                                },
                                "tab_typography_font_size_tablet": {
                                    "unit": "px",
                                    "size": 14,
                                    "sizes": []
                                },
                                "tab_typography_font_weight": "600",
                                "tab_typography_text_transform": "uppercase",
                                "tab_typography_font_style": "normal",
                                "tab_typography_text_decoration": "none",
                                "tab_typography_line_height": {
                                    "unit": "em",
                                    "size": 1,
                                    "sizes": []
                                },
                                "tab_typography_line_height_mobile": {
                                    "unit": "em",
                                    "size": 1.2,
                                    "sizes": []
                                },
                                "tab_typography_letter_spacing": {
                                    "unit": "px",
                                    "size": 1,
                                    "sizes": []
                                },
                                "tab_typography_word_spacing": {
                                    "unit": "em",
                                    "size": "",
                                    "sizes": []
                                },
                                "tab_text_color": "#828282",
                                "active_tab_text_color": "#3D484A"
                            },
                            "elements": [],
                            "isInner": false,
                            "widgetType": "woocommerce-product-data-tabs",
                            "elType": "widget"
                        }
                    ],
                    "isInner": false,
                    "elType": "column"
                }
            ],
            "isInner": false,
            "elType": "section"
        },
        {
            "id": "33f790b7",
            "settings": {
                "padding": {
                    "unit": "px",
                    "top": "75",
                    "right": "0",
                    "bottom": "75",
                    "left": "0",
                    "isLinked": false
                },
                "pa_condition_repeater": [
                    {
                        "_id": "f47c5ff"
                    }
                ],
                "gap": "no",
                "border_border": "solid",
                "border_width": {
                    "unit": "px",
                    "top": "1",
                    "right": "0",
                    "bottom": "0",
                    "left": "0",
                    "isLinked": false
                },
                "__globals__": {
                    "border_color": "globals\/colors?id=abfa94c"
                }
            },
            "elements": [
                {
                    "id": "4bec1104",
                    "settings": {
                        "_column_size": 100,
                        "_inline_size": null,
                        "pa_condition_repeater": [
                            {
                                "_id": "7edcc8f"
                            }
                        ],
                        "margin": {
                            "unit": "px",
                            "top": "0",
                            "right": "0",
                            "bottom": "0",
                            "left": "0",
                            "isLinked": true
                        },
                        "padding": {
                            "unit": "px",
                            "top": "0",
                            "right": "0",
                            "bottom": "0",
                            "left": "0",
                            "isLinked": true
                        }
                    },
                    "elements": [
                        {
                            "id": "25cce3e8",
                            "settings": {
                                "pa_condition_repeater": [
                                    {
                                        "_id": "8af70f4"
                                    }
                                ],
                                "columns_tablet": 2,
                                "columns_mobile": 1,
                                "row_gap": {
                                    "unit": "px",
                                    "size": 20,
                                    "sizes": []
                                },
                                "align": "center",
                                "image_spacing": {
                                    "unit": "px",
                                    "size": 10,
                                    "sizes": []
                                },
                                "title_color": "#3D484A",
                                "title_spacing": {
                                    "unit": "px",
                                    "size": 0,
                                    "sizes": []
                                },
                                "rating_spacing": {
                                    "unit": "px",
                                    "size": 5,
                                    "sizes": []
                                },
                                "price_color": "#828282",
                                "button_background_color": "#F7F7F7",
                                "button_hover_color": "#FFFFFF",
                                "button_hover_background_color": "#3D484A",
                                "button_border_radius": {
                                    "unit": "px",
                                    "top": "0",
                                    "right": "0",
                                    "bottom": "0",
                                    "left": "0",
                                    "isLinked": true
                                },
                                "button_text_padding": {
                                    "unit": "px",
                                    "top": "8",
                                    "right": "15",
                                    "bottom": "8",
                                    "left": "15",
                                    "isLinked": false
                                },
                                "button_spacing": {
                                    "unit": "px",
                                    "size": 5,
                                    "sizes": []
                                },
                                "heading_text_align": "center",
                                "heading_spacing": {
                                    "unit": "px",
                                    "size": 40,
                                    "sizes": []
                                },
                                "box_padding": {
                                    "unit": "px",
                                    "top": "0",
                                    "right": "0",
                                    "bottom": "0",
                                    "left": "0",
                                    "isLinked": true
                                },
                                "_margin": {
                                    "unit": "px",
                                    "top": "0",
                                    "right": "0",
                                    "bottom": "40",
                                    "left": "0",
                                    "isLinked": false
                                },
                                "_margin_mobile": {
                                    "unit": "px",
                                    "top": "0",
                                    "right": "0",
                                    "bottom": "30",
                                    "left": "0",
                                    "isLinked": false
                                },
                                "__globals__": {
                                    "title_color": "globals\/colors?id=b8d1d84",
                                    "title_typography_typography": "globals\/typography?id=f2e6b04",
                                    "price_color": "globals\/colors?id=f439c06",
                                    "button_typography_typography": "globals\/typography?id=52e33ef",
                                    "price_typography_typography": "globals\/typography?id=d8106cd",
                                    "button_background_color": "globals\/colors?id=1d7979f",
                                    "button_hover_background_color": "globals\/colors?id=b8d1d84",
                                    "button_hover_color": "globals\/colors?id=dc3f30f",
                                    "star_color": "globals\/colors?id=48cf1a2",
                                    "empty_star_color": "globals\/colors?id=f439c06",
                                    "onsale_text_background_color": "globals\/colors?id=48cf1a2",
                                    "heading_color": "globals\/colors?id=b8d1d84",
                                    "heading_typography_typography": "globals\/typography?id=fac0cc3"
                                }
                            },
                            "elements": [],
                            "isInner": false,
                            "widgetType": "woocommerce-product-related",
                            "elType": "widget"
                        }
                    ],
                    "isInner": false,
                    "elType": "column"
                }
            ],
            "isInner": false,
            "elType": "section"
        },
        {
            "id": "6fb41a3a",
            "settings": {
                "background_background": "classic",
                "padding": {
                    "unit": "px",
                    "top": "75",
                    "right": "0",
                    "bottom": "75",
                    "left": "0",
                    "isLinked": false
                },
                "pa_condition_repeater": [
                    {
                        "_id": "243cbe6"
                    }
                ],
                "__globals__": {
                    "background_color": "globals\/colors?id=1d7979f"
                },
                "gap": "no",
                "padding_tablet": {
                    "unit": "px",
                    "top": "40",
                    "right": "40",
                    "bottom": "40",
                    "left": "40",
                    "isLinked": true
                },
                "padding_mobile": {
                    "unit": "px",
                    "top": "30",
                    "right": "30",
                    "bottom": "30",
                    "left": "30",
                    "isLinked": true
                }
            },
            "elements": [
                {
                    "id": "793a6201",
                    "settings": {
                        "_column_size": 100,
                        "_inline_size": null,
                        "pa_condition_repeater": [
                            {
                                "_id": "94c32bc"
                            }
                        ],
                        "padding": {
                            "unit": "px",
                            "top": "0",
                            "right": "200",
                            "bottom": "0",
                            "left": "200",
                            "isLinked": false
                        },
                        "padding_tablet": {
                            "unit": "px",
                            "top": "0",
                            "right": "0",
                            "bottom": "0",
                            "left": "0",
                            "isLinked": true
                        }
                    },
                    "elements": [
                        {
                            "id": "bd55d7b",
                            "settings": {
                                "title": "NEWSLETTER",
                                "header_size": "h5",
                                "pa_condition_repeater": [
                                    {
                                        "_id": "f4265fa"
                                    }
                                ],
                                "align": "center",
                                "_margin": {
                                    "unit": "px",
                                    "top": "0",
                                    "right": "0",
                                    "bottom": "5",
                                    "left": "0",
                                    "isLinked": false
                                },
                                "__globals__": {
                                    "typography_typography": "globals\/typography?id=3f9e575",
                                    "title_color": "globals\/colors?id=b8d1d84"
                                }
                            },
                            "elements": [],
                            "isInner": false,
                            "widgetType": "heading",
                            "elType": "widget"
                        },
                        {
                            "id": "294ff370",
                            "settings": {
                                "title": "Signup & Get 10 % Off",
                                "header_size": "h5",
                                "pa_condition_repeater": [
                                    {
                                        "_id": "f4265fa"
                                    }
                                ],
                                "align": "center",
                                "_margin": {
                                    "unit": "px",
                                    "top": "0",
                                    "right": "0",
                                    "bottom": "20",
                                    "left": "0",
                                    "isLinked": false
                                },
                                "__globals__": {
                                    "typography_typography": "globals\/typography?id=fac0cc3",
                                    "title_color": "globals\/colors?id=b8d1d84"
                                }
                            },
                            "elements": [],
                            "isInner": false,
                            "widgetType": "heading",
                            "elType": "widget"
                        },
                        {
                            "id": "53eec739",
                            "settings": {
                                "align": "center",
                                "_margin": {
                                    "unit": "px",
                                    "top": "0",
                                    "right": "0",
                                    "bottom": "40",
                                    "left": "0",
                                    "isLinked": false
                                },
                                "pa_condition_repeater": [
                                    {
                                        "_id": "159ed93"
                                    }
                                ],
                                "__globals__": {
                                    "typography_typography": "globals\/typography?id=8ea6c3b",
                                    "text_color": "globals\/colors?id=b8d1d84"
                                },
                                "_margin_mobile": {
                                    "unit": "px",
                                    "top": "0",
                                    "right": "0",
                                    "bottom": "20",
                                    "left": "0",
                                    "isLinked": false
                                }
                            },
                            "elements": [],
                            "isInner": false,
                            "widgetType": "text-editor",
                            "elType": "widget"
                        },
                        {
                            "id": "7a70752c",
                            "settings": {
                                "form_name": "Newletter",
                                "form_fields": [
                                    {
                                        "custom_id": "email",
                                        "field_type": "email",
                                        "required": "true",
                                        "field_label": "Email",
                                        "placeholder": "Email",
                                        "_id": "3fcbbaf",
                                        "file_sizes": "",
                                        "file_types": "",
                                        "allow_multiple_upload": "",
                                        "max_files": "",
                                        "acceptance_text": "",
                                        "checked_by_default": "",
                                        "field_min": "",
                                        "field_max": "",
                                        "min_date": "",
                                        "max_date": "",
                                        "use_native_date": "",
                                        "use_native_time": "",
                                        "previous_button": "",
                                        "next_button": "",
                                        "width": "80",
                                        "width_mobile": "80"
                                    }
                                ],
                                "show_labels": "",
                                "button_text": "",
                                "button_width": "20",
                                "selected_button_icon": {
                                    "value": "fas fa-long-arrow-alt-right",
                                    "library": "fa-solid"
                                },
                                "button_icon_align": "right",
                                "email_content": "[all-fields]",
                                "email_content_2": "[all-fields]",
                                "success_message": "The form was sent successfully.",
                                "error_message": "An error occured.",
                                "required_field_message": "This field is required.",
                                "invalid_message": "There's something wrong. The form is invalid.",
                                "step_next_label": "Next",
                                "step_previous_label": "Previous",
                                "__globals__": {
                                    "field_text_color": "",
                                    "field_typography_typography": "globals\/typography?id=d8106cd",
                                    "button_background_hover_color": "globals\/colors?id=d1d99fd",
                                    "field_border_color": "globals\/colors?id=abfa94c",
                                    "button_typography_typography": ""
                                },
                                "field_typography_font_family": "Roboto",
                                "field_typography_font_size": {
                                    "unit": "px",
                                    "size": 15,
                                    "sizes": []
                                },
                                "field_typography_font_size_tablet": {
                                    "unit": "px",
                                    "size": 14,
                                    "sizes": []
                                },
                                "field_typography_font_size_mobile": {
                                    "unit": "px",
                                    "size": 14,
                                    "sizes": []
                                },
                                "field_typography_font_weight": "normal",
                                "field_typography_text_transform": "none",
                                "field_typography_font_style": "normal",
                                "field_typography_text_decoration": "none",
                                "field_typography_line_height": {
                                    "unit": "em",
                                    "size": 1.4,
                                    "sizes": []
                                },
                                "button_background_hover_color": "#51C6D3",
                                "row_gap": {
                                    "unit": "px",
                                    "size": 20,
                                    "sizes": []
                                },
                                "pa_condition_repeater": [
                                    {
                                        "_id": "21c7285"
                                    }
                                ],
                                "input_size": "md",
                                "button_size": "md",
                                "button_icon_indent": {
                                    "unit": "px",
                                    "size": 0,
                                    "sizes": []
                                },
                                "column_gap": {
                                    "unit": "px",
                                    "size": 0,
                                    "sizes": []
                                },
                                "field_typography_typography": "custom",
                                "field_typography_word_spacing": {
                                    "unit": "em",
                                    "size": "",
                                    "sizes": []
                                },
                                "field_border_color": "#0000001A",
                                "button_typography_typography": "custom",
                                "button_typography_font_family": "Nunito",
                                "button_typography_font_size": {
                                    "unit": "px",
                                    "size": 20,
                                    "sizes": []
                                },
                                "button_typography_font_size_tablet": {
                                    "unit": "px",
                                    "size": 14,
                                    "sizes": []
                                },
                                "button_typography_font_size_mobile": {
                                    "unit": "px",
                                    "size": 12,
                                    "sizes": []
                                },
                                "button_typography_font_weight": "bold",
                                "button_typography_text_transform": "uppercase",
                                "button_typography_font_style": "normal",
                                "button_typography_text_decoration": "none",
                                "button_typography_line_height": {
                                    "unit": "em",
                                    "size": 1,
                                    "sizes": []
                                },
                                "button_typography_line_height_mobile": {
                                    "unit": "em",
                                    "size": 1.2,
                                    "sizes": []
                                },
                                "button_typography_letter_spacing": {
                                    "unit": "px",
                                    "size": 0.5,
                                    "sizes": []
                                },
                                "button_typography_word_spacing": {
                                    "unit": "em",
                                    "size": "",
                                    "sizes": []
                                },
                                "_padding": {
                                    "unit": "px",
                                    "top": "0",
                                    "right": "75",
                                    "bottom": "0",
                                    "left": "75",
                                    "isLinked": false
                                },
                                "button_width_mobile": "20",
                                "button_align_mobile": "stretch",
                                "_padding_mobile": {
                                    "unit": "px",
                                    "top": "0",
                                    "right": "0",
                                    "bottom": "0",
                                    "left": "0",
                                    "isLinked": true
                                }
                            },
                            "elements": [],
                            "isInner": false,
                            "widgetType": "form",
                            "elType": "widget"
                        }
                    ],
                    "isInner": false,
                    "elType": "column"
                }
            ],
            "isInner": false,
            "elType": "section"
        }
    ]
}