{
    "version": "0.4",
    "title": "Vaya &#8211; Header",
    "type": "header",
    "metadata": {
        "template_type": "section-header",
        "include_in_zip": "1",
        "elementor_pro_required": "1",
        "elementor_library_type": "header",
        "elementor_pro_conditions": [
            "include\/general"
        ],
        "additional_template_information": [
            "This is a \"Header\" template for Elementor Pro.",
            "This template will display on: Entire Site."
        ],
        "wp_page_template": "default"
    },
    "content": [
        {
            "id": "1caa37fe",
            "settings": {
                "gap": "no",
                "structure": "20",
                "background_background": "classic",
                "padding": {
                    "unit": "px",
                    "top": "5",
                    "right": "0",
                    "bottom": "5",
                    "left": "0",
                    "isLinked": false
                },
                "__globals__": {
                    "background_color": "globals\/colors?id=b8d1d84"
                },
                "pa_condition_repeater": [
                    {
                        "_id": "7321616"
                    }
                ],
                "hide_tablet": "hidden-tablet",
                "hide_mobile": "hidden-mobile"
            },
            "elements": [
                {
                    "id": "6131888d",
                    "settings": {
                        "_column_size": 50,
                        "_inline_size": null,
                        "content_position": "center",
                        "pa_condition_repeater": [
                            {
                                "_id": "d6b53a4"
                            }
                        ]
                    },
                    "elements": [
                        {
                            "id": "53e6fdf3",
                            "settings": {
                                "editor": "<p>Get Up to\u00a0<b>30% OFF<\/b> Store wide - Limited time only<\/p>",
                                "__globals__": {
                                    "text_color": "globals\/colors?id=d3b9c8a",
                                    "typography_typography": "globals\/typography?id=2ee5e62"
                                },
                                "pa_condition_repeater": [
                                    {
                                        "_id": "8936314"
                                    }
                                ]
                            },
                            "elements": [],
                            "isInner": false,
                            "widgetType": "text-editor",
                            "elType": "widget"
                        }
                    ],
                    "isInner": false,
                    "elType": "column"
                },
                {
                    "id": "219a9564",
                    "settings": {
                        "_column_size": 50,
                        "_inline_size": null,
                        "align": "flex-end",
                        "pa_condition_repeater": [
                            {
                                "_id": "833de09"
                            }
                        ]
                    },
                    "elements": [
                        {
                            "id": "227d5167",
                            "settings": {
                                "view": "inline",
                                "icon_list": [
                                    {
                                        "text": "Newsletter",
                                        "selected_icon": {
                                            "value": "",
                                            "library": ""
                                        },
                                        "_id": "6333b3e",
                                        "link": {
                                            "url": "#",
                                            "is_external": "",
                                            "nofollow": "",
                                            "custom_attributes": ""
                                        }
                                    },
                                    {
                                        "text": "Trace order",
                                        "selected_icon": {
                                            "value": "",
                                            "library": ""
                                        },
                                        "link": {
                                            "url": "#",
                                            "is_external": "",
                                            "nofollow": "",
                                            "custom_attributes": ""
                                        },
                                        "_id": "9587aeb"
                                    },
                                    {
                                        "text": "Contact us",
                                        "selected_icon": {
                                            "value": "",
                                            "library": ""
                                        },
                                        "link": {
                                            "url": "#",
                                            "is_external": "",
                                            "nofollow": "",
                                            "custom_attributes": ""
                                        },
                                        "_id": "eeb2abc"
                                    },
                                    {
                                        "text": "Sitemap",
                                        "selected_icon": {
                                            "value": "",
                                            "library": ""
                                        },
                                        "link": {
                                            "url": "#",
                                            "is_external": "",
                                            "nofollow": "",
                                            "custom_attributes": ""
                                        },
                                        "_id": "3ae1a88"
                                    }
                                ],
                                "icon_align": "right",
                                "divider": "yes",
                                "_element_width": "auto",
                                "_element_vertical_align": "center",
                                "__globals__": {
                                    "text_color": "globals\/colors?id=d3b9c8a",
                                    "divider_color": "globals\/colors?id=5c83a88",
                                    "icon_typography_typography": "globals\/typography?id=2ee5e62"
                                },
                                "pa_condition_repeater": [
                                    {
                                        "_id": "8b31cba"
                                    }
                                ]
                            },
                            "elements": [],
                            "isInner": false,
                            "widgetType": "icon-list",
                            "elType": "widget"
                        },
                        {
                            "id": "6def22ac",
                            "settings": {
                                "social_icon_list": [
                                    {
                                        "social_icon": {
                                            "value": "fab fa-facebook-f",
                                            "library": "fa-brands"
                                        },
                                        "_id": "c136df4"
                                    },
                                    {
                                        "social_icon": {
                                            "value": "fab fa-twitter",
                                            "library": "fa-brands"
                                        },
                                        "_id": "63c5952"
                                    },
                                    {
                                        "social_icon": {
                                            "value": "fab fa-youtube",
                                            "library": "fa-brands"
                                        },
                                        "_id": "aa4a221"
                                    },
                                    {
                                        "social_icon": {
                                            "value": "fab fa-linkedin-in",
                                            "library": "fa-brands"
                                        },
                                        "_id": "5068a53"
                                    },
                                    {
                                        "social_icon": {
                                            "value": "fab fa-instagram",
                                            "library": "fa-brands"
                                        },
                                        "_id": "04fe3e1"
                                    }
                                ],
                                "shape": "square",
                                "align": "right",
                                "icon_color": "custom",
                                "icon_primary_color": "#00000000",
                                "icon_size": {
                                    "unit": "px",
                                    "size": 13,
                                    "sizes": []
                                },
                                "icon_padding": {
                                    "unit": "em",
                                    "size": 0.25,
                                    "sizes": []
                                },
                                "_margin": {
                                    "unit": "px",
                                    "top": "0",
                                    "right": "0",
                                    "bottom": "0",
                                    "left": "20",
                                    "isLinked": false
                                },
                                "_element_width": "auto",
                                "_element_vertical_align": "center",
                                "__globals__": {
                                    "icon_secondary_color": "globals\/colors?id=d3b9c8a"
                                },
                                "pa_condition_repeater": [
                                    {
                                        "_id": "4564a43"
                                    }
                                ]
                            },
                            "elements": [],
                            "isInner": false,
                            "widgetType": "social-icons",
                            "elType": "widget"
                        }
                    ],
                    "isInner": false,
                    "elType": "column"
                }
            ],
            "isInner": false,
            "elType": "section"
        },
        {
            "id": "58203d01",
            "settings": {
                "gap": "no",
                "structure": "20",
                "padding": {
                    "unit": "px",
                    "top": "20",
                    "right": "0",
                    "bottom": "20",
                    "left": "0",
                    "isLinked": false
                },
                "pa_condition_repeater": [
                    {
                        "_id": "2daf265"
                    }
                ],
                "hide_tablet": "hidden-tablet",
                "hide_mobile": "hidden-mobile"
            },
            "elements": [
                {
                    "id": "57ec96c3",
                    "settings": {
                        "_column_size": 50,
                        "_inline_size": 50,
                        "content_position": "center",
                        "pa_condition_repeater": [
                            {
                                "_id": "3712982"
                            }
                        ]
                    },
                    "elements": [
                        {
                            "id": "21d2627a",
                            "settings": {
                                "image": {
                                    "id": "76",
                                    "url": "http:\/\/templatekits.c-kav.com\/demo3\/vaya\/wp-content\/uploads\/sites\/14\/2022\/04\/logo.png"
                                },
                                "image_size": "full",
                                "width": {
                                    "unit": "px",
                                    "size": 150,
                                    "sizes": []
                                },
                                "width_tablet": {
                                    "unit": "px",
                                    "size": "",
                                    "sizes": []
                                },
                                "width_mobile": {
                                    "unit": "px",
                                    "size": "",
                                    "sizes": []
                                },
                                "_element_width": "auto",
                                "pa_condition_repeater": [
                                    {
                                        "_id": "f070422"
                                    }
                                ]
                            },
                            "elements": [],
                            "isInner": false,
                            "widgetType": "image",
                            "elType": "widget"
                        },
                        {
                            "id": "24d86e27",
                            "settings": {
                                "selected_icon": {
                                    "value": "fas fa-headset",
                                    "library": "fa-solid"
                                },
                                "size": {
                                    "unit": "px",
                                    "size": 38,
                                    "sizes": []
                                },
                                "_margin": {
                                    "unit": "px",
                                    "top": "0",
                                    "right": "0",
                                    "bottom": "0",
                                    "left": "25",
                                    "isLinked": false
                                },
                                "_padding": {
                                    "unit": "px",
                                    "top": "6",
                                    "right": "0",
                                    "bottom": "0",
                                    "left": "25",
                                    "isLinked": false
                                },
                                "_border_border": "solid",
                                "_border_width": {
                                    "unit": "px",
                                    "top": "0",
                                    "right": "0",
                                    "bottom": "0",
                                    "left": "1",
                                    "isLinked": false
                                },
                                "_element_width": "auto",
                                "_element_vertical_align": "center",
                                "__globals__": {
                                    "_border_color": "globals\/colors?id=1e81ec4",
                                    "primary_color": "globals\/colors?id=b8d1d84"
                                },
                                "pa_condition_repeater": [
                                    {
                                        "_id": "f3dff37"
                                    }
                                ]
                            },
                            "elements": [],
                            "isInner": false,
                            "widgetType": "icon",
                            "elType": "widget"
                        },
                        {
                            "id": "eee1b19",
                            "settings": {
                                "icon_list": [
                                    {
                                        "text": "Email us: support@storesupport.com",
                                        "selected_icon": {
                                            "value": "",
                                            "library": ""
                                        },
                                        "_id": "1a878b5",
                                        "link": {
                                            "url": "#",
                                            "is_external": "",
                                            "nofollow": "",
                                            "custom_attributes": ""
                                        }
                                    },
                                    {
                                        "text": "Call us: +0123 456 789",
                                        "selected_icon": {
                                            "value": "",
                                            "library": ""
                                        },
                                        "_id": "e0a1de3"
                                    }
                                ],
                                "space_between": {
                                    "unit": "px",
                                    "size": 4,
                                    "sizes": []
                                },
                                "divider": "yes",
                                "_margin": {
                                    "unit": "px",
                                    "top": "0",
                                    "right": "0",
                                    "bottom": "0",
                                    "left": "20",
                                    "isLinked": false
                                },
                                "_padding": {
                                    "unit": "px",
                                    "top": "0",
                                    "right": "0",
                                    "bottom": "0",
                                    "left": "0",
                                    "isLinked": false
                                },
                                "_element_width": "auto",
                                "__globals__": {
                                    "icon_typography_typography": "globals\/typography?id=f2e6b04",
                                    "text_color": "globals\/colors?id=b8d1d84"
                                },
                                "pa_condition_repeater": [
                                    {
                                        "_id": "d524c03"
                                    }
                                ]
                            },
                            "elements": [],
                            "isInner": false,
                            "widgetType": "icon-list",
                            "elType": "widget"
                        }
                    ],
                    "isInner": false,
                    "elType": "column"
                },
                {
                    "id": "3fefc915",
                    "settings": {
                        "_column_size": 50,
                        "_inline_size": 50,
                        "align": "flex-end",
                        "content_position": "center",
                        "pa_condition_repeater": [
                            {
                                "_id": "501dc57"
                            }
                        ]
                    },
                    "elements": [
                        {
                            "id": "3b16cc01",
                            "settings": {
                                "placeholder": "Search...",
                                "button_text": "Search",
                                "size": {
                                    "unit": "px",
                                    "size": 34,
                                    "sizes": []
                                },
                                "input_background_color": "#FFFFFF00",
                                "input_box_shadow_box_shadow_type": "yes",
                                "input_box_shadow_box_shadow": {
                                    "horizontal": 0,
                                    "vertical": 0,
                                    "blur": 0,
                                    "spread": 1,
                                    "color": "rgba(0, 0, 0, 0.1)"
                                },
                                "input_border_color_focus": "#FFFFFF00",
                                "button_border_width": {
                                    "unit": "px",
                                    "top": "0",
                                    "right": "0",
                                    "bottom": "0",
                                    "left": "0",
                                    "isLinked": true
                                },
                                "border_radius": {
                                    "unit": "px",
                                    "size": 0,
                                    "sizes": []
                                },
                                "icon_size": {
                                    "unit": "px",
                                    "size": 14,
                                    "sizes": []
                                },
                                "button_width": {
                                    "unit": "px",
                                    "size": 1.25,
                                    "sizes": []
                                },
                                "__globals__": {
                                    "button_background_color": "globals\/colors?id=1d7979f",
                                    "button_text_color": "globals\/colors?id=b8d1d84",
                                    "input_border_color": "globals\/colors?id=1e81ec4",
                                    "button_text_color_hover": "globals\/colors?id=dc3f30f",
                                    "button_background_color_hover": "globals\/colors?id=b8d1d84"
                                },
                                "_margin": {
                                    "unit": "px",
                                    "top": "0",
                                    "right": "0",
                                    "bottom": "0",
                                    "left": "0",
                                    "isLinked": false
                                },
                                "_element_width": "initial",
                                "_element_custom_width": {
                                    "unit": "px",
                                    "size": 350,
                                    "sizes": []
                                },
                                "_element_vertical_align": "center",
                                "pa_condition_repeater": [
                                    {
                                        "_id": "78e2860"
                                    }
                                ]
                            },
                            "elements": [],
                            "isInner": false,
                            "widgetType": "search-form",
                            "elType": "widget"
                        },
                        {
                            "id": "641ee200",
                            "settings": {
                                "text": "",
                                "selected_icon": {
                                    "value": "far fa-user",
                                    "library": "fa-regular"
                                },
                                "icon_indent": {
                                    "unit": "px",
                                    "size": 0,
                                    "sizes": []
                                },
                                "typography_typography": "custom",
                                "typography_font_size": {
                                    "unit": "px",
                                    "size": 16,
                                    "sizes": []
                                },
                                "border_width": {
                                    "unit": "px",
                                    "top": "1",
                                    "right": "1",
                                    "bottom": "1",
                                    "left": "1",
                                    "isLinked": true
                                },
                                "border_radius": {
                                    "unit": "px",
                                    "top": "0",
                                    "right": "0",
                                    "bottom": "0",
                                    "left": "0",
                                    "isLinked": true
                                },
                                "text_padding": {
                                    "unit": "px",
                                    "top": "10",
                                    "right": "15",
                                    "bottom": "10",
                                    "left": "15",
                                    "isLinked": false
                                },
                                "_margin": {
                                    "unit": "px",
                                    "top": "0",
                                    "right": "0",
                                    "bottom": "0",
                                    "left": "40",
                                    "isLinked": false
                                },
                                "_element_width": "auto",
                                "_element_vertical_align": "center",
                                "__globals__": {
                                    "background_color": "globals\/colors?id=1d7979f",
                                    "button_text_color": "globals\/colors?id=b8d1d84",
                                    "border_color": "globals\/colors?id=abfa94c",
                                    "button_background_hover_color": "globals\/colors?id=b8d1d84",
                                    "button_hover_border_color": "globals\/colors?id=b8d1d84",
                                    "hover_color": "globals\/colors?id=dc3f30f"
                                },
                                "pa_condition_repeater": [
                                    {
                                        "_id": "bdf528d"
                                    }
                                ]
                            },
                            "elements": [],
                            "isInner": false,
                            "widgetType": "button",
                            "elType": "widget"
                        },
                        {
                            "id": "1d3afe0b",
                            "settings": {
                                "icon": "bag-medium",
                                "alignment": "right",
                                "toggle_button_border_radius": {
                                    "unit": "px",
                                    "size": 0,
                                    "sizes": []
                                },
                                "toggle_icon_size": {
                                    "unit": "px",
                                    "size": 20,
                                    "sizes": []
                                },
                                "toggle_button_padding": {
                                    "unit": "px",
                                    "top": "8",
                                    "right": "15",
                                    "bottom": "8",
                                    "left": "15",
                                    "isLinked": false
                                },
                                "_margin": {
                                    "unit": "px",
                                    "top": "0",
                                    "right": "0",
                                    "bottom": "0",
                                    "left": "10",
                                    "isLinked": false
                                },
                                "_element_width": "auto",
                                "_element_vertical_align": "center",
                                "__globals__": {
                                    "toggle_button_typography_typography": "globals\/typography?id=d8106cd",
                                    "toggle_button_border_color": "",
                                    "toggle_button_background_color": "globals\/colors?id=1d7979f",
                                    "toggle_button_hover_background_color": "globals\/colors?id=b8d1d84",
                                    "toggle_button_hover_icon_color": "globals\/colors?id=dc3f30f",
                                    "toggle_button_hover_text_color": "globals\/colors?id=dc3f30f",
                                    "toggle_button_hover_border_color": "globals\/colors?id=b8d1d84",
                                    "toggle_button_icon_color": "globals\/colors?id=b8d1d84",
                                    "toggle_button_text_color": "globals\/colors?id=b8d1d84",
                                    "product_price_typography_typography": "globals\/typography?id=d8106cd",
                                    "product_price_color": "globals\/colors?id=f439c06",
                                    "product_title_typography_typography": "globals\/typography?id=52e33ef",
                                    "product_title_color": "globals\/colors?id=b8d1d84",
                                    "divider_color": "globals\/colors?id=1e81ec4",
                                    "product_buttons_typography_typography": "globals\/typography?id=d8106cd",
                                    "subtotal_typography_typography": "globals\/typography?id=d8106cd",
                                    "subtotal_color": "globals\/colors?id=f439c06"
                                },
                                "toggle_button_text_color": "#3D484A",
                                "toggle_button_icon_color": "#3D484A",
                                "toggle_button_background_color": "#F7F7F7",
                                "toggle_button_border_color": "#00000000",
                                "toggle_button_hover_text_color": "#FFFFFF",
                                "toggle_button_hover_icon_color": "#FFFFFF",
                                "toggle_button_hover_background_color": "#3D484A",
                                "toggle_button_hover_border_color": "#3D484A",
                                "pa_condition_repeater": [
                                    {
                                        "_id": "566a132"
                                    }
                                ],
                                "divider_style": "solid",
                                "buttons_layout": "stacked",
                                "button_border_radius": {
                                    "unit": "px",
                                    "size": 0,
                                    "sizes": []
                                },
                                "hide_empty_indicator": "hide",
                                "toggle_button_border_width": {
                                    "unit": "px",
                                    "size": 0,
                                    "sizes": []
                                }
                            },
                            "elements": [],
                            "isInner": false,
                            "widgetType": "woocommerce-menu-cart",
                            "elType": "widget"
                        }
                    ],
                    "isInner": false,
                    "elType": "column"
                }
            ],
            "isInner": false,
            "elType": "section"
        },
        {
            "id": "1e07abc4",
            "settings": {
                "gap": "no",
                "background_background": "classic",
                "background_color": "#FFFFFF",
                "border_border": "solid",
                "border_width": {
                    "unit": "px",
                    "top": "1",
                    "right": "0",
                    "bottom": "1",
                    "left": "0",
                    "isLinked": false
                },
                "padding": {
                    "unit": "px",
                    "top": "0",
                    "right": "0",
                    "bottom": "0",
                    "left": "0",
                    "isLinked": true
                },
                "__globals__": {
                    "background_color": "globals\/colors?id=b8d1d84",
                    "border_color": "globals\/colors?id=abfa94c"
                },
                "pa_condition_repeater": [
                    {
                        "_id": "757d5f9"
                    }
                ],
                "padding_tablet": {
                    "unit": "px",
                    "top": "10",
                    "right": "10",
                    "bottom": "10",
                    "left": "10",
                    "isLinked": false
                },
                "hide_tablet": "hidden-tablet",
                "hide_mobile": "hidden-mobile",
                "z_index": 2
            },
            "elements": [
                {
                    "id": "cbc33e1",
                    "settings": {
                        "_column_size": 100,
                        "_inline_size": null,
                        "pa_condition_repeater": [
                            {
                                "_id": "318f8b2"
                            }
                        ],
                        "content_position_tablet": "center"
                    },
                    "elements": [
                        {
                            "id": "46aa73f8",
                            "settings": {
                                "pointer": "background",
                                "__globals__": {
                                    "menu_typography_typography": "globals\/typography?id=951a591",
                                    "pointer_color_menu_item_hover": "globals\/colors?id=d1d99fd",
                                    "color_menu_item": "globals\/colors?id=dc3f30f",
                                    "toggle_background_color": "",
                                    "toggle_color": "globals\/colors?id=1d7979f",
                                    "color_dropdown_item": "globals\/colors?id=dc3f30f",
                                    "background_color_dropdown_item": "globals\/colors?id=294b8d4",
                                    "dropdown_typography_typography": "globals\/typography?id=d8106cd",
                                    "background_color_dropdown_item_hover": "",
                                    "color_dropdown_item_hover": "globals\/colors?id=d1d99fd",
                                    "dropdown_divider_color": "globals\/colors?id=5c83a88"
                                },
                                "pa_condition_repeater": [
                                    {
                                        "_id": "89253de"
                                    }
                                ],
                                "full_width": "stretch",
                                "toggle_align": "right",
                                "menu_typography_typography": "custom",
                                "menu_typography_font_family": "Nunito Sans",
                                "menu_typography_font_size": {
                                    "unit": "px",
                                    "size": 14,
                                    "sizes": []
                                },
                                "menu_typography_font_weight": "800",
                                "menu_typography_line_height": {
                                    "unit": "em",
                                    "size": "",
                                    "sizes": []
                                },
                                "menu_typography_letter_spacing": {
                                    "unit": "px",
                                    "size": 1,
                                    "sizes": []
                                },
                                "menu_typography_word_spacing": {
                                    "unit": "em",
                                    "size": "",
                                    "sizes": []
                                },
                                "color_menu_item": "#FFFFFF",
                                "pointer_color_menu_item_hover": "#51C6D3",
                                "_margin_tablet": {
                                    "unit": "px",
                                    "top": "0",
                                    "right": "0",
                                    "bottom": "0",
                                    "left": "0",
                                    "isLinked": true
                                },
                                "_padding_tablet": {
                                    "unit": "px",
                                    "top": "0",
                                    "right": "0",
                                    "bottom": "0",
                                    "left": "0",
                                    "isLinked": true
                                },
                                "color_dropdown_item": "#828282",
                                "background_color_dropdown_item": "#FFFFFF",
                                "color_dropdown_item_hover": "#51C6D3",
                                "background_color_dropdown_item_hover": "#3D484A00",
                                "dropdown_border_border": "solid",
                                "dropdown_border_width": {
                                    "unit": "px",
                                    "top": "15",
                                    "right": "30",
                                    "bottom": "20",
                                    "left": "20",
                                    "isLinked": false
                                },
                                "dropdown_border_color": "#FFFFFF00",
                                "padding_horizontal_dropdown_item": {
                                    "unit": "px",
                                    "size": 0,
                                    "sizes": []
                                },
                                "padding_vertical_dropdown_item": {
                                    "unit": "px",
                                    "size": 6,
                                    "sizes": []
                                },
                                "dropdown_divider_width": {
                                    "unit": "px",
                                    "size": 1,
                                    "sizes": []
                                },
                                "toggle_color": "#F7F7F7",
                                "dropdown_typography_line_height": {
                                    "unit": "em",
                                    "size": 1.4,
                                    "sizes": []
                                },
                                "dropdown_typography_line_height_tablet": {
                                    "unit": "em",
                                    "size": "",
                                    "sizes": []
                                },
                                "dropdown_typography_line_height_mobile": {
                                    "unit": "em",
                                    "size": "",
                                    "sizes": []
                                },
                                "dropdown_box_shadow_box_shadow_type": "yes",
                                "dropdown_box_shadow_box_shadow": {
                                    "horizontal": 0,
                                    "vertical": 0,
                                    "blur": 0,
                                    "spread": 1,
                                    "color": "rgba(255, 255, 255, 0.2)"
                                }
                            },
                            "elements": [],
                            "isInner": false,
                            "widgetType": "nav-menu",
                            "elType": "widget"
                        }
                    ],
                    "isInner": false,
                    "elType": "column"
                }
            ],
            "isInner": false,
            "elType": "section"
        },
        {
            "id": "42ef2cda",
            "settings": {
                "gap": "no",
                "structure": "20",
                "background_background": "classic",
                "padding_tablet": {
                    "unit": "px",
                    "top": "10",
                    "right": "20",
                    "bottom": "10",
                    "left": "20",
                    "isLinked": false
                },
                "pa_condition_repeater": [
                    {
                        "_id": "f6b8596"
                    }
                ],
                "__globals__": {
                    "background_color": "globals\/colors?id=b8d1d84"
                },
                "hide_desktop": "hidden-desktop",
                "z_index": 5,
                "padding_mobile": {
                    "unit": "px",
                    "top": "10",
                    "right": "15",
                    "bottom": "10",
                    "left": "020",
                    "isLinked": false
                }
            },
            "elements": [
                {
                    "id": "27d7964c",
                    "settings": {
                        "_column_size": 50,
                        "_inline_size": null,
                        "content_position_tablet": "center",
                        "pa_condition_repeater": [
                            {
                                "_id": "76cec05"
                            }
                        ],
                        "content_position": "center",
                        "_inline_size_mobile": 40
                    },
                    "elements": [
                        {
                            "id": "19a72184",
                            "settings": {
                                "image": {
                                    "id": "77",
                                    "url": "http:\/\/templatekits.c-kav.com\/demo3\/vaya\/wp-content\/uploads\/sites\/14\/2022\/04\/logo-light.png"
                                },
                                "image_size": "full",
                                "width": {
                                    "unit": "px",
                                    "size": 150,
                                    "sizes": []
                                },
                                "width_tablet": {
                                    "unit": "px",
                                    "size": 100,
                                    "sizes": []
                                },
                                "width_mobile": {
                                    "unit": "px",
                                    "size": "",
                                    "sizes": []
                                },
                                "_element_width": "auto",
                                "pa_condition_repeater": [
                                    {
                                        "_id": "f070422"
                                    }
                                ]
                            },
                            "elements": [],
                            "isInner": false,
                            "widgetType": "image",
                            "elType": "widget"
                        }
                    ],
                    "isInner": false,
                    "elType": "column"
                },
                {
                    "id": "1be7dee4",
                    "settings": {
                        "_column_size": 50,
                        "_inline_size": null,
                        "align_tablet": "flex-end",
                        "pa_condition_repeater": [
                            {
                                "_id": "5d1a447"
                            }
                        ],
                        "_inline_size_mobile": 60,
                        "content_position_mobile": "center"
                    },
                    "elements": [
                        {
                            "id": "3ee8a882",
                            "settings": {
                                "placeholder": "Search...",
                                "button_text": "Search",
                                "size": {
                                    "unit": "px",
                                    "size": 34,
                                    "sizes": []
                                },
                                "input_background_color": "#FFFFFF00",
                                "input_box_shadow_box_shadow_type": "yes",
                                "input_box_shadow_box_shadow": {
                                    "horizontal": 0,
                                    "vertical": 0,
                                    "blur": 0,
                                    "spread": 1,
                                    "color": "rgba(0, 0, 0, 0.1)"
                                },
                                "input_border_color_focus": "#FFFFFF00",
                                "button_border_width": {
                                    "unit": "px",
                                    "top": "0",
                                    "right": "0",
                                    "bottom": "0",
                                    "left": "0",
                                    "isLinked": true
                                },
                                "border_radius": {
                                    "unit": "px",
                                    "size": 0,
                                    "sizes": []
                                },
                                "icon_size": {
                                    "unit": "px",
                                    "size": 14,
                                    "sizes": []
                                },
                                "button_width": {
                                    "unit": "px",
                                    "size": 1.25,
                                    "sizes": []
                                },
                                "__globals__": {
                                    "button_background_color": "globals\/colors?id=1d7979f",
                                    "button_text_color": "globals\/colors?id=b8d1d84",
                                    "input_border_color": "",
                                    "button_text_color_hover": "globals\/colors?id=dc3f30f",
                                    "button_background_color_hover": "globals\/colors?id=b8d1d84",
                                    "input_text_color": "globals\/colors?id=dc3f30f",
                                    "input_typography_typography": "globals\/typography?id=15eece8",
                                    "overlay_background_color": "globals\/colors?id=b33b967",
                                    "toggle_color": "globals\/colors?id=dc3f30f"
                                },
                                "_margin": {
                                    "unit": "px",
                                    "top": "0",
                                    "right": "0",
                                    "bottom": "0",
                                    "left": "0",
                                    "isLinked": false
                                },
                                "_element_width": "auto",
                                "_element_custom_width": {
                                    "unit": "px",
                                    "size": 350,
                                    "sizes": []
                                },
                                "_element_vertical_align": "center",
                                "pa_condition_repeater": [
                                    {
                                        "_id": "78e2860"
                                    }
                                ],
                                "skin": "full_screen",
                                "input_text_color": "#FFFFFF",
                                "button_text_color": "#3D484A",
                                "button_background_color": "#F7F7F7",
                                "button_text_color_hover": "#FFFFFF",
                                "button_background_color_hover": "#3D484A",
                                "toggle_background_color": "#FFFFFF00",
                                "toggle_icon_size": {
                                    "unit": "px",
                                    "size": 48,
                                    "sizes": []
                                },
                                "toggle_border_radius": {
                                    "unit": "px",
                                    "size": 0,
                                    "sizes": []
                                },
                                "_padding_tablet": {
                                    "unit": "px",
                                    "top": "0",
                                    "right": "5",
                                    "bottom": "0",
                                    "left": "5",
                                    "isLinked": false
                                },
                                "_element_width_tablet": "auto",
                                "toggle_size": {
                                    "unit": "px",
                                    "size": 32,
                                    "sizes": []
                                },
                                "input_typography_typography": "custom",
                                "input_typography_font_family": "Nunito",
                                "input_typography_font_size": {
                                    "unit": "px",
                                    "size": 13,
                                    "sizes": []
                                },
                                "input_typography_font_size_tablet": {
                                    "unit": "px",
                                    "size": 14,
                                    "sizes": []
                                },
                                "input_typography_font_size_mobile": {
                                    "unit": "px",
                                    "size": 12,
                                    "sizes": []
                                },
                                "input_typography_font_weight": "800",
                                "input_typography_text_transform": "uppercase",
                                "input_typography_font_style": "normal",
                                "input_typography_text_decoration": "none",
                                "input_typography_line_height": {
                                    "unit": "em",
                                    "size": 1,
                                    "sizes": []
                                },
                                "input_typography_line_height_mobile": {
                                    "unit": "em",
                                    "size": 1.2,
                                    "sizes": []
                                },
                                "input_typography_letter_spacing": {
                                    "unit": "px",
                                    "size": 0.5,
                                    "sizes": []
                                },
                                "input_typography_word_spacing": {
                                    "unit": "em",
                                    "size": "",
                                    "sizes": []
                                },
                                "toggle_color": "#FFFFFF",
                                "_padding_mobile": {
                                    "unit": "px",
                                    "top": "0",
                                    "right": "5",
                                    "bottom": "0",
                                    "left": "5",
                                    "isLinked": false
                                }
                            },
                            "elements": [],
                            "isInner": false,
                            "widgetType": "search-form",
                            "elType": "widget"
                        },
                        {
                            "id": "1adb6d6c",
                            "settings": {
                                "icon": "basket-medium",
                                "items_indicator": "plain",
                                "hide_empty_indicator": "hide",
                                "alignment": "right",
                                "toggle_button_border_width": {
                                    "unit": "px",
                                    "size": 0,
                                    "sizes": []
                                },
                                "toggle_button_border_radius": {
                                    "unit": "px",
                                    "size": 0,
                                    "sizes": []
                                },
                                "toggle_icon_size": {
                                    "unit": "px",
                                    "size": 20,
                                    "sizes": []
                                },
                                "toggle_icon_spacing": {
                                    "unit": "px",
                                    "size": 10,
                                    "sizes": []
                                },
                                "toggle_button_padding": {
                                    "unit": "px",
                                    "top": "8",
                                    "right": "15",
                                    "bottom": "8",
                                    "left": "15",
                                    "isLinked": false
                                },
                                "_margin": {
                                    "unit": "px",
                                    "top": "0",
                                    "right": "0",
                                    "bottom": "0",
                                    "left": "0",
                                    "isLinked": false
                                },
                                "_element_width": "auto",
                                "_element_vertical_align": "center",
                                "__globals__": {
                                    "toggle_button_typography_typography": "globals\/typography?id=d8106cd",
                                    "toggle_button_border_color": "",
                                    "toggle_button_background_color": "",
                                    "toggle_button_hover_background_color": "",
                                    "toggle_button_hover_icon_color": "globals\/colors?id=dc3f30f",
                                    "toggle_button_hover_text_color": "globals\/colors?id=dc3f30f",
                                    "toggle_button_hover_border_color": "",
                                    "toggle_button_icon_color": "globals\/colors?id=dc3f30f",
                                    "toggle_button_text_color": "globals\/colors?id=b8d1d84",
                                    "view_cart_buttons_typography_typography": ""
                                },
                                "toggle_button_text_color": "#3D484A",
                                "toggle_button_icon_color": "#FFFFFF",
                                "toggle_button_hover_text_color": "#FFFFFF",
                                "toggle_button_hover_icon_color": "#FFFFFF",
                                "toggle_button_typography_typography": "custom",
                                "toggle_button_typography_font_family": "Roboto",
                                "toggle_button_typography_font_size": {
                                    "unit": "px",
                                    "size": 15,
                                    "sizes": []
                                },
                                "toggle_button_typography_font_size_tablet": {
                                    "unit": "px",
                                    "size": 14,
                                    "sizes": []
                                },
                                "toggle_button_typography_font_size_mobile": {
                                    "unit": "px",
                                    "size": 14,
                                    "sizes": []
                                },
                                "toggle_button_typography_font_weight": "normal",
                                "toggle_button_typography_text_transform": "none",
                                "toggle_button_typography_font_style": "normal",
                                "toggle_button_typography_text_decoration": "none",
                                "toggle_button_typography_line_height": {
                                    "unit": "em",
                                    "size": 1.4,
                                    "sizes": []
                                },
                                "pa_condition_repeater": [
                                    {
                                        "_id": "566a132"
                                    }
                                ],
                                "show_subtotal": "",
                                "toggle_button_typography_word_spacing": {
                                    "unit": "em",
                                    "size": "",
                                    "sizes": []
                                },
                                "toggle_icon_size_tablet": {
                                    "unit": "px",
                                    "size": 20,
                                    "sizes": []
                                },
                                "toggle_button_padding_tablet": {
                                    "unit": "px",
                                    "top": "6",
                                    "right": "15",
                                    "bottom": "6",
                                    "left": "15",
                                    "isLinked": false
                                },
                                "view_cart_buttons_typography_font_family": "Nunito",
                                "view_cart_buttons_typography_font_size": {
                                    "unit": "px",
                                    "size": 13,
                                    "sizes": []
                                },
                                "view_cart_buttons_typography_font_size_tablet": {
                                    "unit": "px",
                                    "size": 14,
                                    "sizes": []
                                },
                                "view_cart_buttons_typography_font_size_mobile": {
                                    "unit": "px",
                                    "size": 12,
                                    "sizes": []
                                },
                                "view_cart_buttons_typography_font_weight": "bold",
                                "view_cart_buttons_typography_text_transform": "uppercase",
                                "view_cart_buttons_typography_font_style": "normal",
                                "view_cart_buttons_typography_text_decoration": "none",
                                "view_cart_buttons_typography_line_height": {
                                    "unit": "em",
                                    "size": 1,
                                    "sizes": []
                                },
                                "view_cart_buttons_typography_line_height_mobile": {
                                    "unit": "em",
                                    "size": 1.2,
                                    "sizes": []
                                },
                                "view_cart_buttons_typography_letter_spacing": {
                                    "unit": "px",
                                    "size": 0.5,
                                    "sizes": []
                                },
                                "view_cart_buttons_typography_word_spacing": {
                                    "unit": "em",
                                    "size": "",
                                    "sizes": []
                                },
                                "_margin_tablet": {
                                    "unit": "px",
                                    "top": "0",
                                    "right": "0",
                                    "bottom": "0",
                                    "left": "0",
                                    "isLinked": true
                                },
                                "toggle_button_padding_mobile": {
                                    "unit": "px",
                                    "top": "6",
                                    "right": "12",
                                    "bottom": "6",
                                    "left": "12",
                                    "isLinked": false
                                }
                            },
                            "elements": [],
                            "isInner": false,
                            "widgetType": "woocommerce-menu-cart",
                            "elType": "widget"
                        },
                        {
                            "id": "7756c1dc",
                            "settings": {
                                "text": "",
                                "selected_icon": {
                                    "value": "far fa-user",
                                    "library": "fa-regular"
                                },
                                "icon_indent": {
                                    "unit": "px",
                                    "size": 0,
                                    "sizes": []
                                },
                                "border_width": {
                                    "unit": "px",
                                    "top": "1",
                                    "right": "1",
                                    "bottom": "1",
                                    "left": "1",
                                    "isLinked": true
                                },
                                "border_radius": {
                                    "unit": "px",
                                    "top": "0",
                                    "right": "0",
                                    "bottom": "0",
                                    "left": "0",
                                    "isLinked": true
                                },
                                "text_padding": {
                                    "unit": "px",
                                    "top": "10",
                                    "right": "15",
                                    "bottom": "10",
                                    "left": "15",
                                    "isLinked": false
                                },
                                "_margin": {
                                    "unit": "px",
                                    "top": "0",
                                    "right": "0",
                                    "bottom": "0",
                                    "left": "0",
                                    "isLinked": false
                                },
                                "_element_width": "auto",
                                "_element_vertical_align": "center",
                                "__globals__": {
                                    "background_color": "",
                                    "button_text_color": "globals\/colors?id=dc3f30f",
                                    "border_color": "globals\/colors?id=abfa94c",
                                    "button_background_hover_color": "",
                                    "button_hover_border_color": "",
                                    "hover_color": "",
                                    "typography_typography": "globals\/typography?id=15eece8"
                                },
                                "pa_condition_repeater": [
                                    {
                                        "_id": "bdf528d"
                                    }
                                ],
                                "button_text_color": "#FFFFFF",
                                "background_color": "#F7F7F700",
                                "border_color": "#0000001A",
                                "text_padding_tablet": {
                                    "unit": "px",
                                    "top": "9",
                                    "right": "15",
                                    "bottom": "9",
                                    "left": "15",
                                    "isLinked": false
                                },
                                "_margin_tablet": {
                                    "unit": "px",
                                    "top": "0",
                                    "right": "0",
                                    "bottom": "0",
                                    "left": "0",
                                    "isLinked": true
                                },
                                "text_padding_mobile": {
                                    "unit": "px",
                                    "top": "8",
                                    "right": "12",
                                    "bottom": "7",
                                    "left": "12",
                                    "isLinked": false
                                }
                            },
                            "elements": [],
                            "isInner": false,
                            "widgetType": "button",
                            "elType": "widget"
                        },
                        {
                            "id": "7d5a18de",
                            "settings": {
                                "pointer": "background",
                                "__globals__": {
                                    "menu_typography_typography": "globals\/typography?id=951a591",
                                    "pointer_color_menu_item_hover": "globals\/colors?id=d1d99fd",
                                    "color_menu_item": "",
                                    "toggle_background_color": "",
                                    "toggle_color": "globals\/colors?id=dc3f30f",
                                    "background_color_dropdown_item": "globals\/colors?id=b8d1d84",
                                    "dropdown_border_color": "globals\/colors?id=c9e9b74",
                                    "dropdown_typography_typography": "globals\/typography?id=951a591",
                                    "color_dropdown_item": "globals\/colors?id=dc3f30f",
                                    "dropdown_divider_color": "globals\/colors?id=5c83a88",
                                    "background_color_dropdown_item_hover": "globals\/colors?id=294b8d4"
                                },
                                "pa_condition_repeater": [
                                    {
                                        "_id": "89253de"
                                    }
                                ],
                                "full_width": "stretch",
                                "toggle_align": "right",
                                "pointer_color_menu_item_hover": "#51C6D3",
                                "dropdown_border_border": "solid",
                                "dropdown_border_width_tablet": {
                                    "unit": "px",
                                    "top": "1",
                                    "right": "0",
                                    "bottom": "0",
                                    "left": "0",
                                    "isLinked": false
                                },
                                "padding_horizontal_dropdown_item_tablet": {
                                    "unit": "px",
                                    "size": 20,
                                    "sizes": []
                                },
                                "padding_vertical_dropdown_item_tablet": {
                                    "unit": "px",
                                    "size": 10,
                                    "sizes": []
                                },
                                "dropdown_divider_border": "solid",
                                "dropdown_divider_width": {
                                    "unit": "px",
                                    "size": 1,
                                    "sizes": []
                                },
                                "toggle_background_color": "#FFFFFF00",
                                "toggle_size_tablet": {
                                    "unit": "px",
                                    "size": 22,
                                    "sizes": []
                                },
                                "_margin_tablet": {
                                    "unit": "px",
                                    "top": "0",
                                    "right": "0",
                                    "bottom": "0",
                                    "left": "0",
                                    "isLinked": true
                                },
                                "_padding_tablet": {
                                    "unit": "px",
                                    "top": "0",
                                    "right": "0",
                                    "bottom": "0",
                                    "left": "0",
                                    "isLinked": false
                                },
                                "_element_width_tablet": "auto",
                                "color_dropdown_item": "#FFFFFF",
                                "background_color_dropdown_item": "#3D484A",
                                "background_color_dropdown_item_hover": "#303B3E",
                                "dropdown_border_color": "#FFFFFF1A",
                                "dropdown_divider_color": "#FFFFFF1A",
                                "toggle_color": "#FFFFFF",
                                "dropdown_typography_line_height": {
                                    "unit": "em",
                                    "size": "",
                                    "sizes": []
                                },
                                "dropdown_typography_line_height_tablet": {
                                    "unit": "em",
                                    "size": "",
                                    "sizes": []
                                },
                                "dropdown_typography_line_height_mobile": {
                                    "unit": "em",
                                    "size": "",
                                    "sizes": []
                                },
                                "dropdown_top_distance_mobile": {
                                    "unit": "px",
                                    "size": 7,
                                    "sizes": []
                                },
                                "toggle_size_mobile": {
                                    "unit": "px",
                                    "size": 19,
                                    "sizes": []
                                }
                            },
                            "elements": [],
                            "isInner": false,
                            "widgetType": "nav-menu",
                            "elType": "widget"
                        }
                    ],
                    "isInner": false,
                    "elType": "column"
                }
            ],
            "isInner": false,
            "elType": "section"
        }
    ],
    "page_settings": {
        "content_wrapper_html_tag": "header"
    }
}