{
    "version": "0.4",
    "title": "Vaya &#8211; Footer",
    "type": "footer",
    "metadata": {
        "template_type": "section-footer",
        "include_in_zip": "1",
        "elementor_pro_required": "1",
        "elementor_library_type": "footer",
        "elementor_pro_conditions": [
            "include\/general"
        ],
        "additional_template_information": [
            "This is a \"Footer\" template for Elementor Pro.",
            "This template will display on: Entire Site."
        ],
        "wp_page_template": "default"
    },
    "content": [
        {
            "id": "e09c978",
            "settings": {
                "gap": "no",
                "margin": {
                    "unit": "px",
                    "top": "0",
                    "right": 0,
                    "bottom": "0",
                    "left": 0,
                    "isLinked": false
                },
                "padding": {
                    "unit": "px",
                    "top": "75",
                    "right": "0",
                    "bottom": "75",
                    "left": "0",
                    "isLinked": false
                },
                "padding_tablet": {
                    "unit": "px",
                    "top": "40",
                    "right": "40",
                    "bottom": "40",
                    "left": "40",
                    "isLinked": true
                },
                "padding_mobile": {
                    "unit": "px",
                    "top": "30",
                    "right": "30",
                    "bottom": "30",
                    "left": "30",
                    "isLinked": true
                },
                "border_border": "solid",
                "border_width": {
                    "unit": "px",
                    "top": "1",
                    "right": "0",
                    "bottom": "0",
                    "left": "0",
                    "isLinked": false
                },
                "__globals__": {
                    "border_color": "globals\/colors?id=1e81ec4"
                },
                "pa_condition_repeater": [
                    {
                        "_id": "0388c8a"
                    }
                ]
            },
            "elements": [
                {
                    "id": "2e7996a2",
                    "settings": {
                        "_column_size": 100,
                        "_inline_size": null,
                        "pa_condition_repeater": [
                            {
                                "_id": "1a234aa"
                            }
                        ]
                    },
                    "elements": [
                        {
                            "id": "3039dc8a",
                            "settings": {
                                "gap": "no",
                                "structure": "50",
                                "margin_tablet": {
                                    "unit": "px",
                                    "top": "0",
                                    "right": 0,
                                    "bottom": "0",
                                    "left": 0,
                                    "isLinked": true
                                },
                                "pa_condition_repeater": [
                                    {
                                        "_id": "b2ef2a3"
                                    }
                                ]
                            },
                            "elements": [
                                {
                                    "id": "719b875c",
                                    "settings": {
                                        "_column_size": 20,
                                        "_inline_size": 35,
                                        "pa_condition_repeater": [
                                            {
                                                "_id": "83c5091"
                                            }
                                        ],
                                        "_inline_size_tablet": 100
                                    },
                                    "elements": [
                                        {
                                            "id": "74130c",
                                            "settings": {
                                                "image": {
                                                    "id": "76",
                                                    "url": "http:\/\/templatekits.c-kav.com\/demo3\/vaya\/wp-content\/uploads\/sites\/14\/2022\/04\/logo.png"
                                                },
                                                "image_size": "full",
                                                "width": {
                                                    "unit": "px",
                                                    "size": 150,
                                                    "sizes": []
                                                },
                                                "width_tablet": {
                                                    "unit": "px",
                                                    "size": "",
                                                    "sizes": []
                                                },
                                                "width_mobile": {
                                                    "unit": "px",
                                                    "size": "",
                                                    "sizes": []
                                                },
                                                "pa_condition_repeater": [
                                                    {
                                                        "_id": "f070422"
                                                    }
                                                ],
                                                "align": "left",
                                                "_margin": {
                                                    "unit": "px",
                                                    "top": "0",
                                                    "right": "0",
                                                    "bottom": "20",
                                                    "left": "0",
                                                    "isLinked": false
                                                },
                                                "align_mobile": "center"
                                            },
                                            "elements": [],
                                            "isInner": false,
                                            "widgetType": "image",
                                            "elType": "widget"
                                        },
                                        {
                                            "id": "2ecd4ea9",
                                            "settings": {
                                                "editor": "<p>1927 Florence Street, Arlington, TX Texas 76011<\/p>",
                                                "pa_condition_repeater": [
                                                    {
                                                        "_id": "f1edd78"
                                                    }
                                                ],
                                                "align_mobile": "center"
                                            },
                                            "elements": [],
                                            "isInner": false,
                                            "widgetType": "text-editor",
                                            "elType": "widget"
                                        },
                                        {
                                            "id": "749cf215",
                                            "settings": {
                                                "text": "Divider",
                                                "gap": {
                                                    "unit": "px",
                                                    "size": 20,
                                                    "sizes": []
                                                },
                                                "gap_mobile": {
                                                    "unit": "px",
                                                    "size": 20,
                                                    "sizes": []
                                                },
                                                "__globals__": {
                                                    "color": "globals\/colors?id=1e81ec4"
                                                },
                                                "pa_condition_repeater": [
                                                    {
                                                        "_id": "35e45db"
                                                    }
                                                ]
                                            },
                                            "elements": [],
                                            "isInner": false,
                                            "widgetType": "divider",
                                            "elType": "widget"
                                        },
                                        {
                                            "id": "48441cee",
                                            "settings": {
                                                "selected_icon": {
                                                    "value": "fas fa-headset",
                                                    "library": "fa-solid"
                                                },
                                                "size": {
                                                    "unit": "px",
                                                    "size": 45,
                                                    "sizes": []
                                                },
                                                "_margin": {
                                                    "unit": "px",
                                                    "top": "0",
                                                    "right": "0",
                                                    "bottom": "0",
                                                    "left": "0",
                                                    "isLinked": false
                                                },
                                                "_padding": {
                                                    "unit": "px",
                                                    "top": "6",
                                                    "right": "0",
                                                    "bottom": "0",
                                                    "left": "0",
                                                    "isLinked": false
                                                },
                                                "_border_width": {
                                                    "unit": "px",
                                                    "top": "0",
                                                    "right": "0",
                                                    "bottom": "0",
                                                    "left": "1",
                                                    "isLinked": false
                                                },
                                                "_element_width": "auto",
                                                "_element_vertical_align": "center",
                                                "__globals__": {
                                                    "_border_color": "globals\/colors?id=1e81ec4",
                                                    "primary_color": "globals\/colors?id=b8d1d84"
                                                },
                                                "pa_condition_repeater": [
                                                    {
                                                        "_id": "f3dff37"
                                                    }
                                                ],
                                                "_margin_tablet": {
                                                    "unit": "px",
                                                    "top": "0",
                                                    "right": "0",
                                                    "bottom": "0",
                                                    "left": "0",
                                                    "isLinked": false
                                                },
                                                "_element_width_mobile": "inherit"
                                            },
                                            "elements": [],
                                            "isInner": false,
                                            "widgetType": "icon",
                                            "elType": "widget"
                                        },
                                        {
                                            "id": "52945dbc",
                                            "settings": {
                                                "icon_list": [
                                                    {
                                                        "text": "Email us: support@storesupport.com",
                                                        "selected_icon": {
                                                            "value": "",
                                                            "library": ""
                                                        },
                                                        "_id": "1a878b5",
                                                        "link": {
                                                            "url": "#",
                                                            "is_external": "",
                                                            "nofollow": "",
                                                            "custom_attributes": ""
                                                        }
                                                    },
                                                    {
                                                        "text": "Call us: +0123 456 789",
                                                        "selected_icon": {
                                                            "value": "",
                                                            "library": ""
                                                        },
                                                        "_id": "e0a1de3"
                                                    }
                                                ],
                                                "space_between": {
                                                    "unit": "px",
                                                    "size": 8,
                                                    "sizes": []
                                                },
                                                "divider": "yes",
                                                "_margin": {
                                                    "unit": "px",
                                                    "top": "0",
                                                    "right": "0",
                                                    "bottom": "0",
                                                    "left": "20",
                                                    "isLinked": false
                                                },
                                                "_padding": {
                                                    "unit": "px",
                                                    "top": "0",
                                                    "right": "0",
                                                    "bottom": "0",
                                                    "left": "0",
                                                    "isLinked": false
                                                },
                                                "_element_width": "auto",
                                                "__globals__": {
                                                    "icon_typography_typography": "globals\/typography?id=f2e6b04",
                                                    "text_color": "globals\/colors?id=b8d1d84"
                                                },
                                                "pa_condition_repeater": [
                                                    {
                                                        "_id": "d524c03"
                                                    }
                                                ],
                                                "_element_vertical_align": "center",
                                                "icon_align_mobile": "center",
                                                "_margin_tablet": {
                                                    "unit": "px",
                                                    "top": "0",
                                                    "right": "0",
                                                    "bottom": "0",
                                                    "left": "20",
                                                    "isLinked": false
                                                },
                                                "_margin_mobile": {
                                                    "unit": "px",
                                                    "top": "20",
                                                    "right": "0",
                                                    "bottom": "0",
                                                    "left": "0",
                                                    "isLinked": false
                                                },
                                                "_element_width_mobile": "inherit"
                                            },
                                            "elements": [],
                                            "isInner": false,
                                            "widgetType": "icon-list",
                                            "elType": "widget"
                                        },
                                        {
                                            "id": "4a6f1cc4",
                                            "settings": {
                                                "text": "Divider",
                                                "gap": {
                                                    "unit": "px",
                                                    "size": 20,
                                                    "sizes": []
                                                },
                                                "gap_mobile": {
                                                    "unit": "px",
                                                    "size": 20,
                                                    "sizes": []
                                                },
                                                "__globals__": {
                                                    "color": "globals\/colors?id=1e81ec4"
                                                },
                                                "pa_condition_repeater": [
                                                    {
                                                        "_id": "35e45db"
                                                    }
                                                ]
                                            },
                                            "elements": [],
                                            "isInner": false,
                                            "widgetType": "divider",
                                            "elType": "widget"
                                        },
                                        {
                                            "id": "1a8ffc5b",
                                            "settings": {
                                                "social_icon_list": [
                                                    {
                                                        "social_icon": {
                                                            "value": "fab fa-facebook-f",
                                                            "library": "fa-brands"
                                                        },
                                                        "_id": "98c96b3"
                                                    },
                                                    {
                                                        "social_icon": {
                                                            "value": "fab fa-twitter",
                                                            "library": "fa-brands"
                                                        },
                                                        "_id": "fbbf619"
                                                    },
                                                    {
                                                        "social_icon": {
                                                            "value": "fab fa-pinterest-p",
                                                            "library": "fa-brands"
                                                        },
                                                        "_id": "e15890f"
                                                    },
                                                    {
                                                        "social_icon": {
                                                            "value": "fab fa-youtube",
                                                            "library": "fa-brands"
                                                        },
                                                        "_id": "5498032"
                                                    },
                                                    {
                                                        "social_icon": {
                                                            "value": "fab fa-instagram",
                                                            "library": "fa-brands"
                                                        },
                                                        "_id": "60bac6d"
                                                    }
                                                ],
                                                "shape": "square",
                                                "icon_color": "custom",
                                                "icon_primary_color": "#F7F7F7",
                                                "icon_size": {
                                                    "unit": "px",
                                                    "size": 14,
                                                    "sizes": []
                                                },
                                                "icon_padding": {
                                                    "unit": "em",
                                                    "size": 0.6,
                                                    "sizes": []
                                                },
                                                "icon_spacing": {
                                                    "unit": "px",
                                                    "size": 10,
                                                    "sizes": []
                                                },
                                                "__globals__": {
                                                    "icon_primary_color": "globals\/colors?id=1d7979f",
                                                    "icon_secondary_color": "globals\/colors?id=b8d1d84",
                                                    "hover_secondary_color": "globals\/colors?id=dc3f30f",
                                                    "hover_primary_color": "globals\/colors?id=b8d1d84"
                                                },
                                                "icon_spacing_mobile": {
                                                    "unit": "px",
                                                    "size": 5,
                                                    "sizes": []
                                                },
                                                "pa_condition_repeater": [
                                                    {
                                                        "_id": "7ddd24b"
                                                    }
                                                ],
                                                "align": "left",
                                                "_margin": {
                                                    "unit": "px",
                                                    "top": "0",
                                                    "right": "0",
                                                    "bottom": "0",
                                                    "left": "0",
                                                    "isLinked": false
                                                },
                                                "align_mobile": "center"
                                            },
                                            "elements": [],
                                            "isInner": false,
                                            "widgetType": "social-icons",
                                            "elType": "widget"
                                        }
                                    ],
                                    "isInner": true,
                                    "elType": "column"
                                },
                                {
                                    "id": "34a04f11",
                                    "settings": {
                                        "_column_size": 20,
                                        "_inline_size": 5,
                                        "_inline_size_tablet": 100,
                                        "pa_condition_repeater": [
                                            {
                                                "_id": "f9881a1"
                                            }
                                        ]
                                    },
                                    "elements": [
                                        {
                                            "id": "51a5409",
                                            "settings": {
                                                "space_mobile": {
                                                    "unit": "px",
                                                    "size": 20,
                                                    "sizes": []
                                                },
                                                "pa_condition_repeater": [
                                                    {
                                                        "_id": "673b022"
                                                    }
                                                ]
                                            },
                                            "elements": [],
                                            "isInner": false,
                                            "widgetType": "spacer",
                                            "elType": "widget"
                                        }
                                    ],
                                    "isInner": true,
                                    "elType": "column"
                                },
                                {
                                    "id": "15070b5c",
                                    "settings": {
                                        "_column_size": 20,
                                        "_inline_size": null,
                                        "_inline_size_tablet": 33.33,
                                        "margin_mobile": {
                                            "unit": "px",
                                            "top": "0",
                                            "right": "0",
                                            "bottom": "30",
                                            "left": "0",
                                            "isLinked": false
                                        },
                                        "pa_condition_repeater": [
                                            {
                                                "_id": "113dcf7"
                                            }
                                        ]
                                    },
                                    "elements": [
                                        {
                                            "id": "b49f188",
                                            "settings": {
                                                "title": "Here to Help",
                                                "_margin": {
                                                    "unit": "px",
                                                    "top": "0",
                                                    "right": "0",
                                                    "bottom": "20",
                                                    "left": "0",
                                                    "isLinked": false
                                                },
                                                "align_mobile": "center",
                                                "_margin_mobile": {
                                                    "unit": "px",
                                                    "top": "10",
                                                    "right": "0",
                                                    "bottom": "10",
                                                    "left": "0",
                                                    "isLinked": false
                                                },
                                                "__globals__": {
                                                    "title_color": "globals\/colors?id=b8d1d84",
                                                    "typography_typography": "globals\/typography?id=699f1be"
                                                },
                                                "align": "left",
                                                "pa_condition_repeater": [
                                                    {
                                                        "_id": "da4ae9e"
                                                    }
                                                ],
                                                "header_size": "h4"
                                            },
                                            "elements": [],
                                            "isInner": false,
                                            "widgetType": "heading",
                                            "elType": "widget"
                                        },
                                        {
                                            "id": "6a33bbc2",
                                            "settings": {
                                                "icon_list": [
                                                    {
                                                        "text": "Help & contact us",
                                                        "selected_icon": {
                                                            "value": "",
                                                            "library": ""
                                                        },
                                                        "_id": "311d49f",
                                                        "link": {
                                                            "url": "#",
                                                            "is_external": "",
                                                            "nofollow": "",
                                                            "custom_attributes": ""
                                                        }
                                                    },
                                                    {
                                                        "text": "Our stores",
                                                        "selected_icon": {
                                                            "value": "",
                                                            "library": ""
                                                        },
                                                        "link": {
                                                            "url": "#",
                                                            "is_external": "",
                                                            "nofollow": "",
                                                            "custom_attributes": ""
                                                        },
                                                        "_id": "c408c63"
                                                    },
                                                    {
                                                        "text": "Our services",
                                                        "selected_icon": {
                                                            "value": "",
                                                            "library": ""
                                                        },
                                                        "link": {
                                                            "url": "#",
                                                            "is_external": "",
                                                            "nofollow": "",
                                                            "custom_attributes": ""
                                                        },
                                                        "_id": "7544ec0"
                                                    },
                                                    {
                                                        "text": "Customer services",
                                                        "selected_icon": {
                                                            "value": "",
                                                            "library": ""
                                                        },
                                                        "link": {
                                                            "url": "#",
                                                            "is_external": "",
                                                            "nofollow": "",
                                                            "custom_attributes": ""
                                                        },
                                                        "_id": "8678826"
                                                    },
                                                    {
                                                        "text": "Track your order",
                                                        "selected_icon": {
                                                            "value": "",
                                                            "library": ""
                                                        },
                                                        "link": {
                                                            "url": "#",
                                                            "is_external": "",
                                                            "nofollow": "",
                                                            "custom_attributes": ""
                                                        },
                                                        "_id": "fb111d5"
                                                    },
                                                    {
                                                        "text": "Delivery & collection",
                                                        "selected_icon": {
                                                            "value": "",
                                                            "library": ""
                                                        },
                                                        "link": {
                                                            "url": "#",
                                                            "is_external": "",
                                                            "nofollow": "",
                                                            "custom_attributes": ""
                                                        },
                                                        "_id": "db454da"
                                                    },
                                                    {
                                                        "text": "Returns & refunds",
                                                        "selected_icon": {
                                                            "value": "",
                                                            "library": ""
                                                        },
                                                        "link": {
                                                            "url": "#",
                                                            "is_external": "",
                                                            "nofollow": "",
                                                            "custom_attributes": ""
                                                        },
                                                        "_id": "89b9caf"
                                                    }
                                                ],
                                                "space_between": {
                                                    "unit": "px",
                                                    "size": 8,
                                                    "sizes": []
                                                },
                                                "icon_size": {
                                                    "unit": "px",
                                                    "size": 6,
                                                    "sizes": []
                                                },
                                                "icon_self_align": "center",
                                                "__globals__": {
                                                    "icon_typography_typography": "globals\/typography?id=d8106cd"
                                                },
                                                "icon_align_mobile": "center",
                                                "pa_condition_repeater": [
                                                    {
                                                        "_id": "7593159"
                                                    }
                                                ]
                                            },
                                            "elements": [],
                                            "isInner": false,
                                            "widgetType": "icon-list",
                                            "elType": "widget"
                                        }
                                    ],
                                    "isInner": true,
                                    "elType": "column"
                                },
                                {
                                    "id": "724aadb2",
                                    "settings": {
                                        "_column_size": 20,
                                        "_inline_size": null,
                                        "_inline_size_tablet": 33.33,
                                        "pa_condition_repeater": [
                                            {
                                                "_id": "917e7e5"
                                            }
                                        ],
                                        "margin_mobile": {
                                            "unit": "px",
                                            "top": "0",
                                            "right": "0",
                                            "bottom": "30",
                                            "left": "0",
                                            "isLinked": false
                                        }
                                    },
                                    "elements": [
                                        {
                                            "id": "511c3ccd",
                                            "settings": {
                                                "title": "Shopping",
                                                "_margin": {
                                                    "unit": "px",
                                                    "top": "0",
                                                    "right": "0",
                                                    "bottom": "20",
                                                    "left": "0",
                                                    "isLinked": false
                                                },
                                                "align_mobile": "center",
                                                "_margin_mobile": {
                                                    "unit": "px",
                                                    "top": "10",
                                                    "right": "0",
                                                    "bottom": "10",
                                                    "left": "0",
                                                    "isLinked": false
                                                },
                                                "__globals__": {
                                                    "title_color": "globals\/colors?id=b8d1d84",
                                                    "typography_typography": "globals\/typography?id=699f1be"
                                                },
                                                "align": "left",
                                                "pa_condition_repeater": [
                                                    {
                                                        "_id": "59ab4ad"
                                                    }
                                                ],
                                                "header_size": "h4"
                                            },
                                            "elements": [],
                                            "isInner": false,
                                            "widgetType": "heading",
                                            "elType": "widget"
                                        },
                                        {
                                            "id": "1fbf45bf",
                                            "settings": {
                                                "icon_list": [
                                                    {
                                                        "text": "Wish List",
                                                        "selected_icon": {
                                                            "value": "",
                                                            "library": ""
                                                        },
                                                        "_id": "311d49f",
                                                        "link": {
                                                            "url": "#",
                                                            "is_external": "",
                                                            "nofollow": "",
                                                            "custom_attributes": ""
                                                        }
                                                    },
                                                    {
                                                        "text": "Buying guides",
                                                        "selected_icon": {
                                                            "value": "",
                                                            "library": ""
                                                        },
                                                        "link": {
                                                            "url": "#",
                                                            "is_external": "",
                                                            "nofollow": "",
                                                            "custom_attributes": ""
                                                        },
                                                        "_id": "c408c63"
                                                    },
                                                    {
                                                        "text": "Inspiration",
                                                        "selected_icon": {
                                                            "value": "",
                                                            "library": ""
                                                        },
                                                        "link": {
                                                            "url": "#",
                                                            "is_external": "",
                                                            "nofollow": "",
                                                            "custom_attributes": ""
                                                        },
                                                        "_id": "7544ec0"
                                                    },
                                                    {
                                                        "text": "Gift Cards & vouchers",
                                                        "selected_icon": {
                                                            "value": "",
                                                            "library": ""
                                                        },
                                                        "link": {
                                                            "url": "#",
                                                            "is_external": "",
                                                            "nofollow": "",
                                                            "custom_attributes": ""
                                                        },
                                                        "_id": "8678826"
                                                    },
                                                    {
                                                        "text": "Shop by brand",
                                                        "selected_icon": {
                                                            "value": "",
                                                            "library": ""
                                                        },
                                                        "link": {
                                                            "url": "#",
                                                            "is_external": "",
                                                            "nofollow": "",
                                                            "custom_attributes": ""
                                                        },
                                                        "_id": "fb111d5"
                                                    },
                                                    {
                                                        "text": "Secure shopping",
                                                        "selected_icon": {
                                                            "value": "",
                                                            "library": ""
                                                        },
                                                        "link": {
                                                            "url": "#",
                                                            "is_external": "",
                                                            "nofollow": "",
                                                            "custom_attributes": ""
                                                        },
                                                        "_id": "db454da"
                                                    },
                                                    {
                                                        "text": "Offers",
                                                        "selected_icon": {
                                                            "value": "",
                                                            "library": ""
                                                        },
                                                        "link": {
                                                            "url": "#",
                                                            "is_external": "",
                                                            "nofollow": "",
                                                            "custom_attributes": ""
                                                        },
                                                        "_id": "89b9caf"
                                                    }
                                                ],
                                                "space_between": {
                                                    "unit": "px",
                                                    "size": 8,
                                                    "sizes": []
                                                },
                                                "icon_size": {
                                                    "unit": "px",
                                                    "size": 6,
                                                    "sizes": []
                                                },
                                                "icon_self_align": "center",
                                                "__globals__": {
                                                    "icon_typography_typography": "globals\/typography?id=d8106cd"
                                                },
                                                "icon_align_mobile": "center",
                                                "pa_condition_repeater": [
                                                    {
                                                        "_id": "e45cf8e"
                                                    }
                                                ]
                                            },
                                            "elements": [],
                                            "isInner": false,
                                            "widgetType": "icon-list",
                                            "elType": "widget"
                                        }
                                    ],
                                    "isInner": true,
                                    "elType": "column"
                                },
                                {
                                    "id": "9e3735d",
                                    "settings": {
                                        "_column_size": 20,
                                        "_inline_size": 20,
                                        "_inline_size_tablet": 33.33,
                                        "pa_condition_repeater": [
                                            {
                                                "_id": "f6a4801"
                                            }
                                        ]
                                    },
                                    "elements": [
                                        {
                                            "id": "2779cd9a",
                                            "settings": {
                                                "title": "About Us",
                                                "_margin": {
                                                    "unit": "px",
                                                    "top": "0",
                                                    "right": "0",
                                                    "bottom": "20",
                                                    "left": "0",
                                                    "isLinked": false
                                                },
                                                "align_mobile": "center",
                                                "_margin_mobile": {
                                                    "unit": "px",
                                                    "top": "10",
                                                    "right": "0",
                                                    "bottom": "10",
                                                    "left": "0",
                                                    "isLinked": false
                                                },
                                                "__globals__": {
                                                    "title_color": "globals\/colors?id=b8d1d84",
                                                    "typography_typography": "globals\/typography?id=699f1be"
                                                },
                                                "align": "left",
                                                "pa_condition_repeater": [
                                                    {
                                                        "_id": "a5c8e07"
                                                    }
                                                ],
                                                "header_size": "h4"
                                            },
                                            "elements": [],
                                            "isInner": false,
                                            "widgetType": "heading",
                                            "elType": "widget"
                                        },
                                        {
                                            "id": "3df77a07",
                                            "settings": {
                                                "icon_list": [
                                                    {
                                                        "text": "Contributions",
                                                        "selected_icon": {
                                                            "value": "",
                                                            "library": ""
                                                        },
                                                        "_id": "311d49f",
                                                        "link": {
                                                            "url": "#",
                                                            "is_external": "",
                                                            "nofollow": "",
                                                            "custom_attributes": ""
                                                        }
                                                    },
                                                    {
                                                        "text": "Company information",
                                                        "selected_icon": {
                                                            "value": "",
                                                            "library": ""
                                                        },
                                                        "link": {
                                                            "url": "#",
                                                            "is_external": "",
                                                            "nofollow": "",
                                                            "custom_attributes": ""
                                                        },
                                                        "_id": "c408c63"
                                                    },
                                                    {
                                                        "text": "Investor relations",
                                                        "selected_icon": {
                                                            "value": "",
                                                            "library": ""
                                                        },
                                                        "link": {
                                                            "url": "#",
                                                            "is_external": "",
                                                            "nofollow": "",
                                                            "custom_attributes": ""
                                                        },
                                                        "_id": "7544ec0"
                                                    },
                                                    {
                                                        "text": "Logo and media",
                                                        "selected_icon": {
                                                            "value": "",
                                                            "library": ""
                                                        },
                                                        "link": {
                                                            "url": "#",
                                                            "is_external": "",
                                                            "nofollow": "",
                                                            "custom_attributes": ""
                                                        },
                                                        "_id": "8678826"
                                                    },
                                                    {
                                                        "text": "Our blog",
                                                        "selected_icon": {
                                                            "value": "",
                                                            "library": ""
                                                        },
                                                        "link": {
                                                            "url": "#",
                                                            "is_external": "",
                                                            "nofollow": "",
                                                            "custom_attributes": ""
                                                        },
                                                        "_id": "fb111d5"
                                                    },
                                                    {
                                                        "text": "Supply chain",
                                                        "selected_icon": {
                                                            "value": "",
                                                            "library": ""
                                                        },
                                                        "link": {
                                                            "url": "#",
                                                            "is_external": "",
                                                            "nofollow": "",
                                                            "custom_attributes": ""
                                                        },
                                                        "_id": "db454da"
                                                    },
                                                    {
                                                        "text": "Special events",
                                                        "selected_icon": {
                                                            "value": "",
                                                            "library": ""
                                                        },
                                                        "link": {
                                                            "url": "#",
                                                            "is_external": "",
                                                            "nofollow": "",
                                                            "custom_attributes": ""
                                                        },
                                                        "_id": "89b9caf"
                                                    }
                                                ],
                                                "space_between": {
                                                    "unit": "px",
                                                    "size": 8,
                                                    "sizes": []
                                                },
                                                "icon_size": {
                                                    "unit": "px",
                                                    "size": 6,
                                                    "sizes": []
                                                },
                                                "icon_self_align": "center",
                                                "__globals__": {
                                                    "icon_typography_typography": "globals\/typography?id=d8106cd"
                                                },
                                                "icon_align_mobile": "center",
                                                "pa_condition_repeater": [
                                                    {
                                                        "_id": "5c0efa0"
                                                    }
                                                ]
                                            },
                                            "elements": [],
                                            "isInner": false,
                                            "widgetType": "icon-list",
                                            "elType": "widget"
                                        }
                                    ],
                                    "isInner": true,
                                    "elType": "column"
                                }
                            ],
                            "isInner": true,
                            "elType": "section"
                        },
                        {
                            "id": "326f9c12",
                            "settings": {
                                "text": "Divider",
                                "gap": {
                                    "unit": "px",
                                    "size": 40,
                                    "sizes": []
                                },
                                "_margin": {
                                    "unit": "px",
                                    "top": "0",
                                    "right": "0",
                                    "bottom": "0",
                                    "left": "0",
                                    "isLinked": false
                                },
                                "__globals__": {
                                    "color": "globals\/colors?id=1e81ec4"
                                },
                                "gap_mobile": {
                                    "unit": "px",
                                    "size": 20,
                                    "sizes": []
                                },
                                "pa_condition_repeater": [
                                    {
                                        "_id": "6fea218"
                                    }
                                ]
                            },
                            "elements": [],
                            "isInner": false,
                            "widgetType": "divider",
                            "elType": "widget"
                        },
                        {
                            "id": "2fc38cdb",
                            "settings": {
                                "gap": "no",
                                "structure": "20",
                                "pa_condition_repeater": [
                                    {
                                        "_id": "9584176"
                                    }
                                ]
                            },
                            "elements": [
                                {
                                    "id": "14ff81e3",
                                    "settings": {
                                        "_column_size": 50,
                                        "_inline_size": null,
                                        "content_position": "center",
                                        "pa_condition_repeater": [
                                            {
                                                "_id": "2de6ffc"
                                            }
                                        ],
                                        "_inline_size_tablet": 100,
                                        "margin_tablet": {
                                            "unit": "px",
                                            "top": "0",
                                            "right": "0",
                                            "bottom": "40",
                                            "left": "0",
                                            "isLinked": false
                                        }
                                    },
                                    "elements": [
                                        {
                                            "id": "477af9cd",
                                            "settings": {
                                                "view": "inline",
                                                "icon_list": [
                                                    {
                                                        "text": "Terms & conditions",
                                                        "selected_icon": {
                                                            "value": "",
                                                            "library": ""
                                                        },
                                                        "_id": "311d49f",
                                                        "link": {
                                                            "url": "#",
                                                            "is_external": "",
                                                            "nofollow": "",
                                                            "custom_attributes": ""
                                                        }
                                                    },
                                                    {
                                                        "text": "Privacy",
                                                        "selected_icon": {
                                                            "value": "",
                                                            "library": ""
                                                        },
                                                        "link": {
                                                            "url": "#",
                                                            "is_external": "",
                                                            "nofollow": "",
                                                            "custom_attributes": ""
                                                        },
                                                        "_id": "c408c63"
                                                    },
                                                    {
                                                        "text": "Cookies",
                                                        "selected_icon": {
                                                            "value": "",
                                                            "library": ""
                                                        },
                                                        "link": {
                                                            "url": "#",
                                                            "is_external": "",
                                                            "nofollow": "",
                                                            "custom_attributes": ""
                                                        },
                                                        "_id": "7544ec0"
                                                    },
                                                    {
                                                        "text": "Accessibility",
                                                        "selected_icon": {
                                                            "value": "",
                                                            "library": ""
                                                        },
                                                        "link": {
                                                            "url": "#",
                                                            "is_external": "",
                                                            "nofollow": "",
                                                            "custom_attributes": ""
                                                        },
                                                        "_id": "8678826"
                                                    }
                                                ],
                                                "space_between": {
                                                    "unit": "px",
                                                    "size": 25,
                                                    "sizes": []
                                                },
                                                "icon_size": {
                                                    "unit": "px",
                                                    "size": 6,
                                                    "sizes": []
                                                },
                                                "icon_self_align": "center",
                                                "__globals__": {
                                                    "icon_typography_typography": "globals\/typography?id=d8106cd",
                                                    "divider_color": "globals\/colors?id=1e81ec4"
                                                },
                                                "divider": "yes",
                                                "divider_height": {
                                                    "unit": "px",
                                                    "size": "",
                                                    "sizes": []
                                                },
                                                "_margin": {
                                                    "unit": "px",
                                                    "top": "0",
                                                    "right": "0",
                                                    "bottom": "15",
                                                    "left": "0",
                                                    "isLinked": false
                                                },
                                                "space_between_mobile": {
                                                    "unit": "px",
                                                    "size": 15,
                                                    "sizes": []
                                                },
                                                "icon_align_mobile": "center",
                                                "pa_condition_repeater": [
                                                    {
                                                        "_id": "f07fb37"
                                                    }
                                                ]
                                            },
                                            "elements": [],
                                            "isInner": false,
                                            "widgetType": "icon-list",
                                            "elType": "widget"
                                        },
                                        {
                                            "id": "1bcd4799",
                                            "settings": {
                                                "social_icon_list": [
                                                    {
                                                        "social_icon": {
                                                            "value": "fab fa-cc-visa",
                                                            "library": "fa-brands"
                                                        },
                                                        "_id": "98c96b3"
                                                    },
                                                    {
                                                        "social_icon": {
                                                            "value": "fab fa-cc-mastercard",
                                                            "library": "fa-brands"
                                                        },
                                                        "_id": "fbbf619"
                                                    },
                                                    {
                                                        "social_icon": {
                                                            "value": "fab fa-cc-amex",
                                                            "library": "fa-brands"
                                                        },
                                                        "_id": "e15890f"
                                                    },
                                                    {
                                                        "social_icon": {
                                                            "value": "fab fa-cc-paypal",
                                                            "library": "fa-brands"
                                                        },
                                                        "_id": "5498032"
                                                    },
                                                    {
                                                        "social_icon": {
                                                            "value": "fab fa-cc-apple-pay",
                                                            "library": "fa-brands"
                                                        },
                                                        "_id": "60bac6d"
                                                    }
                                                ],
                                                "shape": "square",
                                                "icon_color": "custom",
                                                "icon_primary_color": "#23232300",
                                                "icon_secondary_color": "#9E9E9E",
                                                "icon_size": {
                                                    "unit": "px",
                                                    "size": 28,
                                                    "sizes": []
                                                },
                                                "icon_padding": {
                                                    "unit": "em",
                                                    "size": 0,
                                                    "sizes": []
                                                },
                                                "icon_spacing": {
                                                    "unit": "px",
                                                    "size": 15,
                                                    "sizes": []
                                                },
                                                "__globals__": {
                                                    "icon_primary_color": "",
                                                    "icon_secondary_color": ""
                                                },
                                                "icon_spacing_mobile": {
                                                    "unit": "px",
                                                    "size": 8,
                                                    "sizes": []
                                                },
                                                "pa_condition_repeater": [
                                                    {
                                                        "_id": "43118d2"
                                                    }
                                                ],
                                                "align": "",
                                                "_margin": {
                                                    "unit": "px",
                                                    "top": "0",
                                                    "right": "0",
                                                    "bottom": "0",
                                                    "left": "0",
                                                    "isLinked": false
                                                },
                                                "align_mobile": "center"
                                            },
                                            "elements": [],
                                            "isInner": false,
                                            "widgetType": "social-icons",
                                            "elType": "widget"
                                        }
                                    ],
                                    "isInner": true,
                                    "elType": "column"
                                },
                                {
                                    "id": "6ea0586f",
                                    "settings": {
                                        "_column_size": 50,
                                        "_inline_size": null,
                                        "content_position": "center",
                                        "align": "flex-end",
                                        "pa_condition_repeater": [
                                            {
                                                "_id": "8f69cc2"
                                            }
                                        ],
                                        "_inline_size_tablet": 100,
                                        "align_tablet": "flex-start"
                                    },
                                    "elements": [
                                        {
                                            "id": "45755220",
                                            "settings": {
                                                "image": {
                                                    "id": "149",
                                                    "url": "http:\/\/templatekits.c-kav.com\/demo3\/vaya\/wp-content\/uploads\/sites\/14\/2022\/04\/app-store-btn.png"
                                                },
                                                "width": {
                                                    "unit": "px",
                                                    "size": 150,
                                                    "sizes": []
                                                },
                                                "width_tablet": {
                                                    "unit": "px",
                                                    "size": "",
                                                    "sizes": []
                                                },
                                                "width_mobile": {
                                                    "unit": "px",
                                                    "size": "",
                                                    "sizes": []
                                                },
                                                "_margin": {
                                                    "unit": "px",
                                                    "top": "5",
                                                    "right": "5",
                                                    "bottom": "5",
                                                    "left": "5",
                                                    "isLinked": true
                                                },
                                                "_element_width": "auto",
                                                "_element_vertical_align": "center",
                                                "pa_condition_repeater": [
                                                    {
                                                        "_id": "b4498e2"
                                                    }
                                                ],
                                                "align_mobile": "center",
                                                "_element_width_mobile": "inherit"
                                            },
                                            "elements": [],
                                            "isInner": false,
                                            "widgetType": "image",
                                            "elType": "widget"
                                        },
                                        {
                                            "id": "5f7d8845",
                                            "settings": {
                                                "image": {
                                                    "id": "150",
                                                    "url": "http:\/\/templatekits.c-kav.com\/demo3\/vaya\/wp-content\/uploads\/sites\/14\/2022\/04\/google-play-btn.png"
                                                },
                                                "width": {
                                                    "unit": "px",
                                                    "size": 170,
                                                    "sizes": []
                                                },
                                                "width_tablet": {
                                                    "unit": "px",
                                                    "size": "",
                                                    "sizes": []
                                                },
                                                "width_mobile": {
                                                    "unit": "px",
                                                    "size": "",
                                                    "sizes": []
                                                },
                                                "_margin": {
                                                    "unit": "px",
                                                    "top": "5",
                                                    "right": "5",
                                                    "bottom": "5",
                                                    "left": "5",
                                                    "isLinked": true
                                                },
                                                "_element_width": "auto",
                                                "_element_vertical_align": "center",
                                                "pa_condition_repeater": [
                                                    {
                                                        "_id": "b4498e2"
                                                    }
                                                ],
                                                "_element_width_mobile": "inherit"
                                            },
                                            "elements": [],
                                            "isInner": false,
                                            "widgetType": "image",
                                            "elType": "widget"
                                        }
                                    ],
                                    "isInner": true,
                                    "elType": "column"
                                }
                            ],
                            "isInner": true,
                            "elType": "section"
                        },
                        {
                            "id": "2215597a",
                            "settings": {
                                "text": "Divider",
                                "gap": {
                                    "unit": "px",
                                    "size": 40,
                                    "sizes": []
                                },
                                "_margin": {
                                    "unit": "px",
                                    "top": "0",
                                    "right": "0",
                                    "bottom": "0",
                                    "left": "0",
                                    "isLinked": false
                                },
                                "__globals__": {
                                    "color": "globals\/colors?id=1e81ec4"
                                },
                                "gap_mobile": {
                                    "unit": "px",
                                    "size": 20,
                                    "sizes": []
                                },
                                "pa_condition_repeater": [
                                    {
                                        "_id": "6fea218"
                                    }
                                ]
                            },
                            "elements": [],
                            "isInner": false,
                            "widgetType": "divider",
                            "elType": "widget"
                        },
                        {
                            "id": "26a98daf",
                            "settings": {
                                "_margin": {
                                    "unit": "px",
                                    "top": "0",
                                    "right": "0",
                                    "bottom": "0",
                                    "left": "0",
                                    "isLinked": false
                                },
                                "__globals__": {
                                    "typography_typography": "globals\/typography?id=d8106cd"
                                },
                                "editor": "<p>\u00a9 Copyright 2022, C-Kav<\/p>",
                                "align": "center",
                                "pa_condition_repeater": [
                                    {
                                        "_id": "0697773"
                                    }
                                ]
                            },
                            "elements": [],
                            "isInner": false,
                            "widgetType": "text-editor",
                            "elType": "widget"
                        },
                        {
                            "id": "c1074da",
                            "settings": {
                                "selected_icon": {
                                    "value": "fas fa-arrow-up",
                                    "library": "fa-solid"
                                },
                                "view": "stacked",
                                "link": {
                                    "url": "#",
                                    "is_external": "",
                                    "nofollow": "",
                                    "custom_attributes": ""
                                },
                                "size": {
                                    "unit": "px",
                                    "size": 16,
                                    "sizes": []
                                },
                                "_z_index": 1,
                                "motion_fx_motion_fx_scrolling": "yes",
                                "motion_fx_translateY_effect": "yes",
                                "motion_fx_translateY_speed": {
                                    "unit": "px",
                                    "size": 5,
                                    "sizes": []
                                },
                                "motion_fx_translateY_affectedRange": {
                                    "unit": "%",
                                    "size": "",
                                    "sizes": {
                                        "start": 20,
                                        "end": 50
                                    }
                                },
                                "_animation": "none",
                                "_element_width": "auto",
                                "_position": "fixed",
                                "_offset_orientation_h": "end",
                                "_offset_x_end": {
                                    "unit": "px",
                                    "size": 25,
                                    "sizes": []
                                },
                                "_offset_orientation_v": "end",
                                "_offset_y_end": {
                                    "unit": "px",
                                    "size": 25,
                                    "sizes": []
                                },
                                "__globals__": {
                                    "primary_color": "globals\/colors?id=b8d1d84",
                                    "hover_primary_color": "globals\/colors?id=d1d99fd",
                                    "secondary_color": "globals\/colors?id=dc3f30f"
                                },
                                "pa_condition_repeater": [
                                    {
                                        "_id": "4921737"
                                    }
                                ]
                            },
                            "elements": [],
                            "isInner": false,
                            "widgetType": "icon",
                            "elType": "widget"
                        }
                    ],
                    "isInner": false,
                    "elType": "column"
                }
            ],
            "isInner": false,
            "elType": "section"
        }
    ]
}